[{"fields": {"name": "volume"}, "model": "kitchen.measurementtype", "pk": 1}, {"fields": {"name": "weight"}, "model": "kitchen.measurementtype", "pk": 2}, {"fields": {"name": "each"}, "model": "kitchen.measurementtype", "pk": 3}, {"fields": {"convert": 1.0, "measurementtype": 1, "name": "cup"}, "model": "kitchen.unit", "pk": 1}, {"fields": {"convert": 0.0625, "measurementtype": 1, "name": "tablespoon"}, "model": "kitchen.unit", "pk": 2}, {"fields": {"convert": 1.0, "measurementtype": 2, "name": "ounce"}, "model": "kitchen.unit", "pk": 3}, {"fields": {"convert": 1.0, "measurementtype": 3, "name": "each"}, "model": "kitchen.unit", "pk": 4}, {"fields": {"convert": 0.0208, "measurementtype": 1, "name": "teaspoon"}, "model": "kitchen.unit", "pk": 5}, {"fields": {"convert": 16.0, "measurementtype": 2, "name": "pound"}, "model": "kitchen.unit", "pk": 6}, {"fields": {"name": "white onion"}, "model": "kitchen.category", "pk": 1}, {"fields": {"name": "cepa"}, "model": "kitchen.category", "pk": 2}, {"fields": {"name": "red onion"}, "model": "kitchen.category", "pk": 3}, {"fields": {"name": "sweet onion"}, "model": "kitchen.category", "pk": 4}, {"fields": {"name": "annuum"}, "model": "kitchen.category", "pk": 5}, {"fields": {"name": "green bell pepper"}, "model": "kitchen.category", "pk": 6}, {"fields": {"name": "red bell pepper"}, "model": "kitchen.category", "pk": 7}, {"fields": {"name": "garlic"}, "model": "kitchen.category", "pk": 8}, {"fields": {"name": "sativum"}, "model": "kitchen.category", "pk": 9}, {"fields": {"name": "produce"}, "model": "kitchen.category", "pk": 10}, {"fields": {"name": "meat"}, "model": "kitchen.category", "pk": 11}, {"fields": {"name": "baking"}, "model": "kitchen.category", "pk": 12}, {"fields": {"name": "bulk"}, "model": "kitchen.category", "pk": 13}, {"fields": {"name": "beans"}, "model": "kitchen.category", "pk": 14}, {"fields": {"name": "mexican foods"}, "model": "kitchen.category", "pk": 15}, {"fields": {"name": "soup"}, "model": "kitchen.category", "pk": 16}, {"fields": {"name": "canned vegetables"}, "model": "kitchen.category", "pk": 17}, {"fields": {"name": "canned fruit"}, "model": "kitchen.category", "pk": 18}, {"fields": {"name": "alcohol"}, "model": "kitchen.category", "pk": 19}, {"fields": {"name": "unknown"}, "model": "kitchen.category", "pk": 20}, {"fields": {"name": "banana"}, "model": "kitchen.category", "pk": 21}, {"fields": {"name": "cyanococcus"}, "model": "kitchen.category", "pk": 22}, {"fields": {"name": "asterids"}, "model": "kitchen.category", "pk": 23}, {"fields": {"name": "oleracea"}, "model": "kitchen.category", "pk": 24}, {"fields": {"name": "rosids"}, "model": "kitchen.category", "pk": 25}, {"fields": {"name": "dairy"}, "model": "kitchen.category", "pk": 26}, {"fields": {"name": "carota"}, "model": "kitchen.category", "pk": 27}, {"fields": {"name": "eudicots"}, "model": "kitchen.category", "pk": 28}, {"fields": {"name": "monocots"}, "model": "kitchen.category", "pk": 29}, {"fields": {"name": "solanales"}, "model": "kitchen.category", "pk": 30}, {"fields": {"name": "chicken"}, "model": "kitchen.category", "pk": 31}, {"fields": {"name": "candy"}, "model": "kitchen.category", "pk": 32}, {"fields": {"name": "coriandrum"}, "model": "kitchen.category", "pk": 33}, {"fields": {"name": "crackers"}, "model": "kitchen.category", "pk": 34}, {"fields": {"name": "freezer"}, "model": "kitchen.category", "pk": 35}, {"fields": {"name": "cheese"}, "model": "kitchen.category", "pk": 36}, {"fields": {"name": "sativus"}, "model": "kitchen.category", "pk": 37}, {"fields": {"name": "cucumis"}, "model": "kitchen.category", "pk": 38}, {"fields": {"name": "x sinensis"}, "model": "kitchen.category", "pk": 39}, {"fields": {"name": "citrus"}, "model": "kitchen.category", "pk": 40}, {"fields": {"name": "asparagales"}, "model": "kitchen.category", "pk": 41}, {"fields": {"name": "musa"}, "model": "kitchen.category", "pk": 42}, {"fields": {"name": "commelinids"}, "model": "kitchen.category", "pk": 43}, {"fields": {"name": "cereal"}, "model": "kitchen.category", "pk": 44}, {"fields": {"name": "crispum"}, "model": "kitchen.category", "pk": 45}, {"fields": {"name": "tuberosum"}, "model": "kitchen.category", "pk": 46}, {"fields": {"name": "spaghetti sauce"}, "model": "kitchen.category", "pk": 47}, {"fields": {"name": "dish and laundry detergent"}, "model": "kitchen.category", "pk": 48}, {"fields": {"name": "x ananassa"}, "model": "kitchen.category", "pk": 49}, {"fields": {"name": "pepo"}, "model": "kitchen.category", "pk": 50}, {"fields": {"name": "cucurbita"}, "model": "kitchen.category", "pk": 51}, {"fields": {"name": "spice"}, "model": "kitchen.category", "pk": 52}, {"fields": {"name": "x limon"}, "model": "kitchen.category", "pk": 53}, {"fields": {"name": "eggs"}, "model": "kitchen.category", "pk": 54}, {"fields": {"name": "milk"}, "model": "kitchen.category", "pk": 55}, {"fields": {"name": "butter and margarine"}, "model": "kitchen.category", "pk": 56}, {"fields": {"name": "biscuits"}, "model": "kitchen.category", "pk": 57}, {"fields": {"name": "spices (aisle)"}, "model": "kitchen.category", "pk": 58}, {"fields": {"name": "cake mixes"}, "model": "kitchen.category", "pk": 59}, {"fields": {"name": "condiments"}, "model": "kitchen.category", "pk": 60}, {"fields": {"parent": 9, "child": 8}, "model": "kitchen.categoryrelation", "pk": 1}, {"fields": {"parent": 23, "child": 22}, "model": "kitchen.categoryrelation", "pk": 2}, {"fields": {"parent": 25, "child": 24}, "model": "kitchen.categoryrelation", "pk": 3}, {"fields": {"parent": 23, "child": 27}, "model": "kitchen.categoryrelation", "pk": 4}, {"fields": {"parent": 28, "child": 23}, "model": "kitchen.categoryrelation", "pk": 5}, {"fields": {"parent": 10, "child": 28}, "model": "kitchen.categoryrelation", "pk": 6}, {"fields": {"parent": 10, "child": 29}, "model": "kitchen.categoryrelation", "pk": 7}, {"fields": {"parent": 23, "child": 30}, "model": "kitchen.categoryrelation", "pk": 8}, {"fields": {"parent": 11, "child": 31}, "model": "kitchen.categoryrelation", "pk": 9}, {"fields": {"parent": 23, "child": 33}, "model": "kitchen.categoryrelation", "pk": 10}, {"fields": {"parent": 38, "child": 37}, "model": "kitchen.categoryrelation", "pk": 11}, {"fields": {"parent": 25, "child": 38}, "model": "kitchen.categoryrelation", "pk": 12}, {"fields": {"parent": 40, "child": 39}, "model": "kitchen.categoryrelation", "pk": 13}, {"fields": {"parent": 25, "child": 40}, "model": "kitchen.categoryrelation", "pk": 14}, {"fields": {"parent": 41, "child": 9}, "model": "kitchen.categoryrelation", "pk": 15}, {"fields": {"parent": 29, "child": 41}, "model": "kitchen.categoryrelation", "pk": 16}, {"fields": {"parent": 5, "child": 6}, "model": "kitchen.categoryrelation", "pk": 17}, {"fields": {"parent": 5, "child": 7}, "model": "kitchen.categoryrelation", "pk": 18}, {"fields": {"parent": 30, "child": 5}, "model": "kitchen.categoryrelation", "pk": 19}, {"fields": {"parent": 28, "child": 25}, "model": "kitchen.categoryrelation", "pk": 20}, {"fields": {"parent": 2, "child": 3}, "model": "kitchen.categoryrelation", "pk": 21}, {"fields": {"parent": 2, "child": 4}, "model": "kitchen.categoryrelation", "pk": 22}, {"fields": {"parent": 2, "child": 1}, "model": "kitchen.categoryrelation", "pk": 23}, {"fields": {"parent": 41, "child": 2}, "model": "kitchen.categoryrelation", "pk": 24}, {"fields": {"parent": 42, "child": 21}, "model": "kitchen.categoryrelation", "pk": 25}, {"fields": {"parent": 43, "child": 42}, "model": "kitchen.categoryrelation", "pk": 26}, {"fields": {"parent": 29, "child": 43}, "model": "kitchen.categoryrelation", "pk": 27}, {"fields": {"parent": 23, "child": 45}, "model": "kitchen.categoryrelation", "pk": 28}, {"fields": {"parent": 30, "child": 46}, "model": "kitchen.categoryrelation", "pk": 29}, {"fields": {"parent": 25, "child": 49}, "model": "kitchen.categoryrelation", "pk": 30}, {"fields": {"parent": 51, "child": 50}, "model": "kitchen.categoryrelation", "pk": 31}, {"fields": {"parent": 25, "child": 51}, "model": "kitchen.categoryrelation", "pk": 32}, {"fields": {"parent": 13, "child": 52}, "model": "kitchen.categoryrelation", "pk": 33}, {"fields": {"parent": 40, "child": 53}, "model": "kitchen.categoryrelation", "pk": 34}, {"fields": {"category": 20, "price": null, "name": "water", "unit": 1}, "model": "kitchen.item", "pk": 1}, {"fields": {"category": 53, "price": null, "name": "lemon juice", "unit": 2}, "model": "kitchen.item", "pk": 2}, {"fields": {"category": 35, "price": null, "name": "cranberries whole", "unit": 3}, "model": "kitchen.item", "pk": 3}, {"fields": {"category": 12, "price": null, "name": "sugar", "unit": 1}, "model": "kitchen.item", "pk": 4}, {"fields": {"category": 12, "price": null, "name": "brown sugar", "unit": 1}, "model": "kitchen.item", "pk": 5}, {"fields": {"category": 26, "price": null, "name": "butter unsalted softened", "unit": 2}, "model": "kitchen.item", "pk": 6}, {"fields": {"category": 26, "price": null, "name": "large egg yolk", "unit": 4}, "model": "kitchen.item", "pk": 7}, {"fields": {"category": 54, "price": null, "name": "large egg", "unit": 4}, "model": "kitchen.item", "pk": 8}, {"fields": {"category": 12, "price": null, "name": "cornstarch", "unit": 2}, "model": "kitchen.item", "pk": 9}, {"fields": {"category": 12, "price": null, "name": "salt", "unit": 5}, "model": "kitchen.item", "pk": 10}, {"fields": {"category": 19, "price": null, "name": "grand marnier", "unit": 2}, "model": "kitchen.item", "pk": 11}, {"fields": {"category": 26, "price": null, "name": "heavy cream", "unit": 1}, "model": "kitchen.item", "pk": 13}, {"fields": {"category": 58, "price": null, "name": "vanilla extract", "unit": 5}, "model": "kitchen.item", "pk": 14}, {"fields": {"category": 12, "price": null, "name": "sea salt", "unit": 5}, "model": "kitchen.item", "pk": 15}, {"fields": {"category": 13, "price": null, "name": "whole wheat flour", "unit": 1}, "model": "kitchen.item", "pk": 16}, {"fields": {"category": 12, "price": null, "name": "all-purpose flour", "unit": 1}, "model": "kitchen.item", "pk": 17}, {"fields": {"category": 52, "price": null, "name": "cinnamon ground", "unit": 5}, "model": "kitchen.item", "pk": 18}, {"fields": {"category": 12, "price": null, "name": "baking soda", "unit": 5}, "model": "kitchen.item", "pk": 19}, {"fields": {"category": null, "price": null, "name": "nutmeg ground", "unit": 5}, "model": "kitchen.item", "pk": 20}, {"fields": {"category": 13, "price": null, "name": "clove ground", "unit": 5}, "model": "kitchen.item", "pk": 21}, {"fields": {"category": 26, "price": null, "name": "buttermilk", "unit": 1}, "model": "kitchen.item", "pk": 22}, {"fields": {"category": 20, "price": null, "name": "applesauce unsweetened", "unit": 1}, "model": "kitchen.item", "pk": 23}, {"fields": {"category": 27, "price": null, "name": "carrot shredded", "unit": 1}, "model": "kitchen.item", "pk": 24}, {"fields": {"category": 50, "price": null, "name": "zucchini shredded", "unit": 1}, "model": "kitchen.item", "pk": 25}, {"fields": {"category": 26, "price": null, "name": "egg white", "unit": 4}, "model": "kitchen.item", "pk": 26}, {"fields": {"category": 26, "price": null, "name": "milk 2%", "unit": 1}, "model": "kitchen.item", "pk": 27}, {"fields": {"category": 12, "price": null, "name": "baking powder", "unit": 5}, "model": "kitchen.item", "pk": 28}, {"fields": {"category": null, "price": null, "name": "water boiling", "unit": 1}, "model": "kitchen.item", "pk": 29}, {"fields": {"category": 12, "price": null, "name": "unsweetened baking cocoa", "unit": 1}, "model": "kitchen.item", "pk": 30}, {"fields": {"category": 26, "price": null, "name": "butter unsalted", "unit": 2}, "model": "kitchen.item", "pk": 31}, {"fields": {"category": 18, "price": null, "name": "pineapple crushed 20-oz can", "unit": 4}, "model": "kitchen.item", "pk": 33}, {"fields": {"category": 21, "price": null, "name": "banana, mashed", "unit": 4}, "model": "kitchen.item", "pk": 34}, {"fields": {"category": 12, "price": null, "name": "sugar powdered", "unit": 1}, "model": "kitchen.item", "pk": 35}, {"fields": {"category": 19, "price": null, "name": "cream of coconut", "unit": 1}, "model": "kitchen.item", "pk": 36}, {"fields": {"category": 12, "price": null, "name": "coconut extract", "unit": 5}, "model": "kitchen.item", "pk": 37}, {"fields": {"category": 39, "price": null, "name": "orange", "unit": 4}, "model": "kitchen.item", "pk": 38}, {"fields": {"category": 20, "price": null, "name": "sugar, divided", "unit": 1}, "model": "kitchen.item", "pk": 39}, {"fields": {"category": 21, "price": null, "name": "banana", "unit": 4}, "model": "kitchen.item", "pk": 40}, {"fields": {"category": 12, "price": null, "name": "brown sugar, light", "unit": 1}, "model": "kitchen.item", "pk": 41}, {"fields": {"category": null, "price": null, "name": "dark rum or orange juice", "unit": 1}, "model": "kitchen.item", "pk": 42}, {"fields": {"category": 12, "price": null, "name": "canola oil", "unit": 1}, "model": "kitchen.item", "pk": 43}, {"fields": {"category": 39, "price": null, "name": "orange juice", "unit": 1}, "model": "kitchen.item", "pk": 44}, {"fields": {"category": 12, "price": null, "name": "almond extract", "unit": 5}, "model": "kitchen.item", "pk": 45}, {"fields": {"category": 56, "price": null, "name": "butter unsalted package", "unit": 4}, "model": "kitchen.item", "pk": 46}, {"fields": {"category": null, "price": null, "name": "rice brown", "unit": 1}, "model": "kitchen.item", "pk": 47}, {"fields": {"category": 31, "price": 5.0, "name": "chicken breast", "unit": 6}, "model": "kitchen.item", "pk": 48}, {"fields": {"category": 6, "price": null, "name": "pepper bell green", "unit": 3}, "model": "kitchen.item", "pk": 49}, {"fields": {"category": 7, "price": null, "name": "pepper bell red", "unit": 3}, "model": "kitchen.item", "pk": 50}, {"fields": {"category": 18, "price": null, "name": "pineapple sliced can 20 oz", "unit": 4}, "model": "kitchen.item", "pk": 51}, {"fields": {"category": 3, "price": null, "name": "onion, red", "unit": 4}, "model": "kitchen.item", "pk": 52}, {"fields": {"category": 8, "price": null, "name": "garlic, clove", "unit": 4}, "model": "kitchen.item", "pk": 53}, {"fields": {"category": 50, "price": null, "name": "zucchini", "unit": 4}, "model": "kitchen.item", "pk": 54}, {"fields": {"category": null, "price": null, "name": "oil, olive", "unit": 2}, "model": "kitchen.item", "pk": 55}, {"fields": {"category": null, "price": null, "name": "rice, basmati", "unit": 1}, "model": "kitchen.item", "pk": 56}, {"fields": {"category": 52, "price": null, "name": "cumin", "unit": 5}, "model": "kitchen.item", "pk": 57}, {"fields": {"category": 52, "price": null, "name": "coriander", "unit": 5}, "model": "kitchen.item", "pk": 58}, {"fields": {"category": 52, "price": null, "name": "turmeric", "unit": 5}, "model": "kitchen.item", "pk": 59}, {"fields": {"category": 52, "price": null, "name": "cayanne", "unit": 5}, "model": "kitchen.item", "pk": 60}, {"fields": {"category": 16, "price": null, "name": "chicken stock", "unit": 1}, "model": "kitchen.item", "pk": 61}, {"fields": {"category": null, "price": null, "name": "turkey ground", "unit": 6}, "model": "kitchen.item", "pk": 62}, {"fields": {"category": 14, "price": null, "name": "chickpeas, 15 oz can", "unit": 4}, "model": "kitchen.item", "pk": 63}, {"fields": {"category": 14, "price": null, "name": "beans, black, 15 oz can", "unit": 4}, "model": "kitchen.item", "pk": 64}, {"fields": {"category": 33, "price": null, "name": "cilantro, fresh, bunch", "unit": 4}, "model": "kitchen.item", "pk": 65}, {"fields": {"category": 45, "price": null, "name": "parsley, fresh, bunch", "unit": 4}, "model": "kitchen.item", "pk": 66}, {"fields": {"category": null, "price": null, "name": "pine nuts", "unit": 2}, "model": "kitchen.item", "pk": 67}, {"fields": {"category": null, "price": null, "name": "noodles, lasagne, no-cook, box", "unit": 4}, "model": "kitchen.item", "pk": 68}, {"fields": {"category": 47, "price": null, "name": "sauce, spaghetti, jar", "unit": 4}, "model": "kitchen.item", "pk": 69}, {"fields": {"category": 1, "price": null, "name": "onion, white", "unit": 4}, "model": "kitchen.item", "pk": 70}, {"fields": {"category": 13, "price": null, "name": "almonds", "unit": 1}, "model": "kitchen.item", "pk": 71}, {"fields": {"category": 13, "price": null, "name": "yeast, nutritional", "unit": 1}, "model": "kitchen.item", "pk": 72}, {"fields": {"category": 14, "price": null, "name": "beans, soybeans, can", "unit": 4}, "model": "kitchen.item", "pk": 73}, {"fields": {"category": 52, "price": null, "name": "curry powder", "unit": 5}, "model": "kitchen.item", "pk": 75}, {"fields": {"category": 34, "price": null, "name": "crackers graham cinamon box", "unit": 4}, "model": "kitchen.item", "pk": 76}, {"fields": {"category": 34, "price": null, "name": "crackers graham box", "unit": 4}, "model": "kitchen.item", "pk": 77}, {"fields": {"category": 12, "price": null, "name": "marshmellows large bag", "unit": 4}, "model": "kitchen.item", "pk": 78}, {"fields": {"category": 32, "price": null, "name": "symphony bar", "unit": 4}, "model": "kitchen.item", "pk": 79}, {"fields": {"category": 32, "price": null, "name": "hersey bar", "unit": 4}, "model": "kitchen.item", "pk": 80}, {"fields": {"category": 32, "price": null, "name": "reese's bar", "unit": 4}, "model": "kitchen.item", "pk": 81}, {"fields": {"category": 48, "price": null, "name": "soap car-wash", "unit": 4}, "model": "kitchen.item", "pk": 82}, {"fields": {"category": null, "price": null, "name": "salad santa fe", "unit": 4}, "model": "kitchen.item", "pk": 83}, {"fields": {"category": null, "price": null, "name": "salad cranberry", "unit": 4}, "model": "kitchen.item", "pk": 84}, {"fields": {"category": 39, "price": null, "name": "cuties or oranges", "unit": 4}, "model": "kitchen.item", "pk": 85}, {"fields": {"category": 44, "price": null, "name": "meal bars box", "unit": 4}, "model": "kitchen.item", "pk": 86}, {"fields": {"category": 11, "price": null, "name": "beef or pork steak", "unit": 6}, "model": "kitchen.item", "pk": 87}, {"fields": {"category": 18, "price": null, "name": "pineapple chunks can", "unit": 4}, "model": "kitchen.item", "pk": 88}, {"fields": {"category": 4, "price": null, "name": "onion, yellow", "unit": 4}, "model": "kitchen.item", "pk": 89}, {"fields": {"category": 46, "price": null, "name": "potatoes", "unit": 6}, "model": "kitchen.item", "pk": 90}, {"fields": {"category": 46, "price": null, "name": "potatoes red", "unit": 6}, "model": "kitchen.item", "pk": 91}, {"fields": {"category": null, "price": null, "name": "kebab sauce of your choice", "unit": 4}, "model": "kitchen.item", "pk": 92}, {"fields": {"category": 12, "price": null, "name": "scewers wooden", "unit": 4}, "model": "kitchen.item", "pk": 93}, {"fields": {"category": 52, "price": null, "name": "basil, dried", "unit": 5}, "model": "kitchen.item", "pk": 94}, {"fields": {"category": 13, "price": null, "name": "black pepper ground", "unit": 5}, "model": "kitchen.item", "pk": 95}, {"fields": {"category": 45, "price": null, "name": "parsley fresh chopped", "unit": 2}, "model": "kitchen.item", "pk": 96}, {"fields": {"category": null, "price": null, "name": "fish fillet", "unit": 3}, "model": "kitchen.item", "pk": 97}, {"fields": {"category": 12, "price": null, "name": "vanilla extract gluten free", "unit": 5}, "model": "kitchen.item", "pk": 98}, {"fields": {"category": 1, "price": null, "name": "egg substitute", "unit": 2}, "model": "kitchen.item", "pk": 99}, {"fields": {"category": 1, "price": null, "name": "gluten free baking mix", "unit": 2}, "model": "kitchen.item", "pk": 100}, {"fields": {"category": 12, "price": null, "name": "chocolate chips semisweet", "unit": 3}, "model": "kitchen.item", "pk": 101}, {"fields": {"category": 1, "price": null, "name": "water hot", "unit": 5}, "model": "kitchen.item", "pk": 102}, {"fields": {"category": 13, "price": null, "name": "walnuts", "unit": 1}, "model": "kitchen.item", "pk": 103}, {"fields": {"category": 44, "price": null, "name": "peanut butter crunchy", "unit": 1}, "model": "kitchen.item", "pk": 105}, {"fields": {"category": 34, "price": null, "name": "graham cracker crumbs", "unit": 1}, "model": "kitchen.item", "pk": 106}, {"fields": {"category": 36, "price": null, "name": "cream cheese", "unit": 3}, "model": "kitchen.item", "pk": 107}, {"fields": {"category": 53, "price": null, "name": "lemon zest", "unit": 5}, "model": "kitchen.item", "pk": 108}, {"fields": {"category": 59, "price": null, "name": "cake mix yellow package 18.25 oz", "unit": 4}, "model": "kitchen.item", "pk": 109}, {"fields": {"category": 13, "price": null, "name": "rolled oats", "unit": 1}, "model": "kitchen.item", "pk": 110}, {"fields": {"category": 52, "price": null, "name": "ginger ground", "unit": 5}, "model": "kitchen.item", "pk": 111}, {"fields": {"category": 26, "price": null, "name": "cresent roll dough recridgerated can 8 oz", "unit": 4}, "model": "kitchen.item", "pk": 112}, {"fields": {"category": 20, "price": null, "name": "thick berry filling", "unit": 3}, "model": "kitchen.item", "pk": 113}, {"fields": {"category": 22, "price": null, "name": "blueberries whole", "unit": 1}, "model": "kitchen.item", "pk": 114}, {"fields": {"category": 13, "price": null, "name": "cranberries dried", "unit": 1}, "model": "kitchen.item", "pk": 115}, {"fields": {"category": 1, "price": null, "name": "pecans", "unit": 1}, "model": "kitchen.item", "pk": 116}, {"fields": {"category": 1, "price": null, "name": "puff pastry", "unit": 4}, "model": "kitchen.item", "pk": 117}, {"fields": {"category": 1, "price": null, "name": "water ice cold", "unit": 1}, "model": "kitchen.item", "pk": 118}, {"fields": {"category": 26, "price": null, "name": "milk whole", "unit": 1}, "model": "kitchen.item", "pk": 119}, {"fields": {"category": 52, "price": null, "name": "vanilla bean", "unit": 4}, "model": "kitchen.item", "pk": 120}, {"fields": {"category": 49, "price": null, "name": "strawberries whole", "unit": 1}, "model": "kitchen.item", "pk": 121}, {"fields": {"category": 1, "price": null, "name": "raspberries whole", "unit": 1}, "model": "kitchen.item", "pk": 122}, {"fields": {"category": 12, "price": null, "name": "cupcake paper", "unit": 4}, "model": "kitchen.item", "pk": 123}, {"fields": {"category": 27, "price": null, "name": "carrot", "unit": 4}, "model": "kitchen.item", "pk": 124}, {"fields": {"category": 37, "price": null, "name": "cucumber", "unit": 4}, "model": "kitchen.item", "pk": 125}, {"fields": {"category": 1, "price": null, "name": "pepper bell orange", "unit": 4}, "model": "kitchen.item", "pk": 126}, {"fields": {"category": 24, "price": null, "name": "broccoli", "unit": 4}, "model": "kitchen.item", "pk": 127}, {"fields": {"category": 1, "price": null, "name": "mushroom", "unit": 4}, "model": "kitchen.item", "pk": 128}, {"fields": {"category": 23, "price": null, "name": "celery", "unit": 4}, "model": "kitchen.item", "pk": 129}, {"fields": {"category": 30, "price": null, "name": "cherry tomato", "unit": 4}, "model": "kitchen.item", "pk": 130}, {"fields": {"category": 32, "price": null, "name": "chocolate dark bar", "unit": 3}, "model": "kitchen.item", "pk": 131}, {"fields": {"category": 15, "price": 0.0, "name": "tortilla", "unit": 4}, "model": "kitchen.item", "pk": 132}, {"fields": {"category": 15, "price": 1.78, "name": "16 oz jar of chunky salsa", "unit": 4}, "model": "kitchen.item", "pk": 133}, {"fields": {"category": 15, "price": 1.54, "name": "8 oz can of green chile peppers mild", "unit": 4}, "model": "kitchen.item", "pk": 134}, {"fields": {"category": 36, "price": null, "name": "cheddar cheese", "unit": 3}, "model": "kitchen.item", "pk": 135}, {"fields": {"category": 15, "price": 1.71, "name": "30 oz can of enchilada sauce", "unit": 4}, "model": "kitchen.item", "pk": 136}, {"fields": {"category": 26, "price": 1.03, "name": "12 oz tub of winco sour cream", "unit": 4}, "model": "kitchen.item", "pk": 137}, {"fields": {"category": 60, "price": 0.42, "name": "package of winco ranch dip mix", "unit": 4}, "model": "kitchen.item", "pk": 138}, {"fields": {"category": 10, "price": 5.0, "name": "watermelon", "unit": 4}, "model": "kitchen.item", "pk": 139}, {"fields": {"category": 35, "price": 3.32, "name": "box of 6 dryers outshine popcicles", "unit": 4}, "model": "kitchen.item", "pk": 140}, {"fields": {"source": "", "lcm": 1.0, "name": "cranberry curd", "text": "\r\n\r\n1. Combine first 3 ingredients in a medium saucepan; bring to a boil. Reduce heat; simmer 5 minutes or until cranberries pop. Place cranberry mixture in a blender or food processor; process until smooth. Strain cranberry mixture through a fine sieve over a bowl; discard solids.\r\n\r\n2. Combine sugars and butter in a bowl; beat with a mixer at medium speed until well combined. Add egg yolks and egg, 1 at a time, beating well after each addition. Stir in cranberry mixture, cornstarch, and salt. Place mixture in the top of a double boiler. Cook over simmering water until a thermometer registers 160\u00b0 and mixture thickens (about 10 minutes), stirring frequently. Remove from heat; let stand 5 minutes. Stir in liqueur. Cover and refrigerate up to 1 week.\r\n"}, "model": "kitchen.recipe", "pk": 1}, {"fields": {"source": "", "lcm": 1.0, "name": "salted caramel", "text": "To prepare the sauce, in a heavy saucepan set over low heat, combine the sugar and water and heat just until the sugar is dissolved. Add the butter. Let it come to a boil and cook until it reaches a golden caramel color.\r\n\r\nRemove from the heat and add the cream slowly. Be careful as it will splatter. Whisk to combine and put back on the stove. Let it come to a boil again over low heat and cook 10 to 15 minutes until you reach a nice creamy consistency.\r\n"}, "model": "kitchen.recipe", "pk": 2}, {"fields": {"source": "", "lcm": 1.0, "name": "zuchinni carrot spice cake", "text": " In a large bowl, combine the first six ingredients. Gradually add the buttermilk, applesauce, carrots, zucchini and vanilla. In a small bowl, beat egg whites until soft peaks form; gradually beat in sugar, 1 tablespoon at a time, until stiff peaks form. Gently fold into batter.\r\nPour into a 13-in. x 9-in. baking dish coated with cooking spray. Bake at 350\u00b0 for 30-40 minutes or until a toothpick inserted near the center comes out clean. Cool on a wire rack.\r\nFor frosting, in a large bowl, beat the cream cheese, marshmallow creme, orange juice and vanilla just until combined. Frost cake\r\n\r\nRead more: http://www.tasteofhome.com/recipes/zucchini-carrot-spice-cake#ixzz3Q45afxAT\r\n"}, "model": "kitchen.recipe", "pk": 3}, {"fields": {"source": "", "lcm": 1.0, "name": "yellow cupcake", "text": " Preheat oven to 350\u00b0. Line 22-24 muffin cups with paper liners.\r\nIn a large bowl, cream butter and sugar until light and fluffy. Add eggs, one at a time, beating well after each addition. Beat in vanilla. In another bowl, whisk flour, baking powder and salt; add to creamed mixture alternately with milk, beating well after each addition.\r\nFill prepared cups three-fourths full. Bake 15-20 minutes or until a toothpick inserted in center comes out clean. Cool in pans 10 minutes before removing to wire racks to cool completely. Spread with frosting. Yield: about 2 dozen.\r\n\r\nRead more: http://www.tasteofhome.com/recipes/yellow-cupcakes#ixzz3Q9wgr1Eq\r\n"}, "model": "kitchen.recipe", "pk": 4}, {"fields": {"source": "", "lcm": 1.0, "name": "dark chocolate cupcake", "text": "In small microwavable bowl, microwave 2 tablespoons chocolate chips uncovered on High 1 minute, until melted, stirring once halfway through heating. Pour chocolate onto 12 x10-inch sheet of waxed paper; spread in thin layer, forming 3 x3-inch square. Place second 12 x10-inch sheet of waxed paper over chocolate square; press to release air bubbles. Roll waxed paper tightly into a cylinder. Regenerate until set.\r\n2 In medium heat- place 1 1/3 cups chocolate chips and 1/4 cup butter. In small microwavable bowl, microwave whipping cream on High about 1 minute or until cream just begins to simmer. Pour cream over chips and butter; beat with whisk until chocolate is melted and mixture is smooth and shiny. Refrigerate 30 to 45 minutes until completely cooled, stirring occasionally.\r\n3 Heat oven to 350\u00b0F (325\u00b0F for dark or nonstick pans). Place Reynolds Baking Cups in each of 12 regular-size muffin cups. In medium bowl, mix flour, baking soda, salt and baking powder; set aside. In small bowl, mix boiling water and cocoa until dissolved.\r\n4 In large bowl, beat 1/2 cup butter with electric mixer on medium speed 30 seconds. Gradually add sugar, beating well. Beat 2 more minutes. Beat in vanilla and egg until blended. On low, alternatively add flour mixture and cocoa mixture, beating just until blended. Divide batter among muffin cups. Bake 20 to 25 minutes or until toothpick comes out clean. Cool 5 minutes. Remove from pan to cooling racks. Cool completely.\r\n5 Beat frosting with electric mixture on medium speed until light and fluffy, about 30 seconds (Do not overheat.) Fit decorating bag with large star tip. Fill bag with frosting. Pipe frosting in circular top of each cupcake and mounding frosting slightly in center.\r\n6 Unroll waxed paper cylinder, causing chocolate to crack creating shards. Garnish each cupcake with chocolate shards. Store in refrigerator. "}, "model": "kitchen.recipe", "pk": 5}, {"fields": {"source": "", "lcm": 1.0, "name": "pineapple cake filling", "text": "In heavy saucepan combine cornstarch, all of the sugar and salt.\r\n2\r\nAdd pineapple with juice and mix well.\r\n3\r\nCook over medium heat until mixture comes to a bubbling boil, stirring constantly.\r\n4\r\nOnce mixture comes to a boil continue stirring constantly for approximately 5 minutes, or until thickened and its looses it's \"milky\" look.\r\n5\r\nRemove from heat and add butter, stirring to melt.\r\n6\r\nLet cool then store in refrigerator."}, "model": "kitchen.recipe", "pk": 6}, {"fields": {"source": "", "lcm": 1.0, "name": "banana buttercream", "text": "With a hand mixer (or stand mixer if you have one!), cream together the banana, butter, lemon juice, vanilla and salt. Beat in the powdered sugar, 1 cup at a time, until you have a creamy and spreadable frosting."}, "model": "kitchen.recipe", "pk": 7}, {"fields": {"source": "", "lcm": 1.0, "name": "coconut buttercream", "text": "Beat butter until smooth. Add in powdered sugar and Cream of Coconut and beat on medium speed for 1-2 minutes until smooth. Add in coconut extract is desired to intensify the coconut flavor.\r\nCream of coconut in the can may separate. If this happens, mix it together in blender or food processor until combined and smooth before adding to the frosting.\r\nFrost cupcakes."}, "model": "kitchen.recipe", "pk": 8}, {"fields": {"source": "", "lcm": 1.0, "name": "simple Candied Orange Peel", "text": "\r\n\r\n    Cut peel on each orange into 4 vertical segments. Remove each segment (including white pith) in 1 piece. Cut into 1/4-inch-wide strips. Cook in large pot of boiling water 15 minutes; drain, rinse, and drain again.\r\n    Bring 3 cups sugar and 3 cups water to boil in medium saucepan over medium heat, stirring to dissolve sugar. Add peel. Return to boil. Reduce heat; simmer until peel is very soft, about 45 minutes. Drain.\r\n    Toss peel and 1 cup sugar on rimmed baking sheet, separating strips. Lift peel from sugar; transfer to sheet of foil. Let stand until coating is dry, 1 to 2 days. DO AHEAD Wrap and freeze up to 2 months.\r\n\r\n"}, "model": "kitchen.recipe", "pk": 9}, {"fields": {"source": "", "lcm": 1.0, "name": "caramelized banana", "text": "The bananas have to get in and out of the pan in 1 1/2 minutes, no longer, so they stay firm in the center. If you are cooking for 4, you can easily double the recipe; it is important not to crowd the skillet, so get everything ready to go and make it in 2 batches.\r\n\r\n\r\n    Cut bananas in half lengthwise. Melt butter in a nonstick skillet over medium-high heat. Add brown sugar and lay the banana slices on top, cut side up. Cook undisturbed for 20 seconds, then add rum (or orange juice) and cinnamon. Cook for 10 seconds, then turn bananas carefully and cook for 45 to 60 seconds more, basting with the pan sauce. Divide the bananas between 2 dessert plates, drizzling the sauce on top. Serve immediately, with a scoop of ice cream (or frozen yogurt).\r\n"}, "model": "kitchen.recipe", "pk": 10}, {"fields": {"source": "", "lcm": 1.0, "name": "zuchinni cupcake", "text": " In a large bowl, beat the eggs, sugar, oil, orange juice and extract. Combine dry ingredients; gradually add to egg mixture and mix well. Stir in zucchini.\r\nFill paper-lined muffin cups two-thirds full. Bake at 350\u00b0 for 20-25 minutes or until toothpick inserted near the center comes out clean. Cool for 10 minutes before removing to a wire rack.\r\nFor frosting, combine the brown sugar, butter and milk in a saucepan. Bring to a boil over medium heat; cook and stir for 2 minutes or until thickened. Remove from the heat; stir in vanilla. Cool to lukewarm.\r\nGradually beat in confectioners' sugar until frosting reaches spreading consistency. Frost cupcakes. Yield: 1-1/2 to 2 dozen.\r\n\r\nRead more: http://www.tasteofhome.com/recipes/zucchini-cupcakes#ixzz3QBENekcF\r\n"}, "model": "kitchen.recipe", "pk": 11}, {"fields": {"source": "", "lcm": 1.0, "name": "butter unsalted -> butter unsalted, softened", "text": ""}, "model": "kitchen.recipe", "pk": 12}, {"fields": {"source": "", "lcm": 1.0, "name": "butter unsalted package", "text": ""}, "model": "kitchen.recipe", "pk": 13}, {"fields": {"source": "", "lcm": 1.0, "name": "large egg -> egg yolk and egg white", "text": ""}, "model": "kitchen.recipe", "pk": 14}, {"fields": {"source": "", "lcm": 1.0, "name": "stirfry", "text": ""}, "model": "kitchen.recipe", "pk": 15}, {"fields": {"source": "", "lcm": 1.0, "name": "middle eastern rice with black beans and chickpeas", "text": ""}, "model": "kitchen.recipe", "pk": 16}, {"fields": {"source": "", "lcm": 1.0, "name": "lasagne 1", "text": ""}, "model": "kitchen.recipe", "pk": 17}, {"fields": {"source": "", "lcm": 1.0, "name": "yumm sauce 1", "text": ""}, "model": "kitchen.recipe", "pk": 18}, {"fields": {"source": "", "lcm": 1.0, "name": "temp_extra_items", "text": ""}, "model": "kitchen.recipe", "pk": 19}, {"fields": {"source": "", "lcm": 1.0, "name": "kebabs 1", "text": ""}, "model": "kitchen.recipe", "pk": 20}, {"fields": {"source": "", "lcm": 1.0, "name": "grilled fish steaks 1", "text": "\r\n\r\n"}, "model": "kitchen.recipe", "pk": 21}, {"fields": {"source": "", "lcm": 1.0, "name": "three bean tamale pie", "text": ""}, "model": "kitchen.recipe", "pk": 25}, {"fields": {"source": "", "lcm": 1.0, "name": "chocolate chip cookies (gluten free)", "text": "Preheat oven to 375 degrees F ( 190 degrees C). Prepare a greased baking sheet.\r\nIn a medium bowl, cream butter and sugar. Gradually add replacer eggs and vanilla while mixing. Sift together gluten- free flour mix, baking soda, baking powder, and salt. Stir into the butter mixture until blended. Finally, stir in the chocolate chips.\r\nUsing a teaspoon, drop cookies 2 inches apart on prepared baking sheet. Bake in preheated oven for 6 to 8 minutes or until light brown. Let cookies cool on baking sheet for 2 minutes before removing to wire racks."}, "model": "kitchen.recipe", "pk": 26}, {"fields": {"source": "", "lcm": 1.0, "name": "chocolate chip cookies", "text": ""}, "model": "kitchen.recipe", "pk": 27}, {"fields": {"source": "", "lcm": 1.0, "name": "peanut butter cookies 1", "text": ""}, "model": "kitchen.recipe", "pk": 28}, {"fields": {"source": "", "lcm": 1.0, "name": "mini cheesecakes", "text": ""}, "model": "kitchen.recipe", "pk": 29}, {"fields": {"source": "", "lcm": 1.0, "name": "cranberry bars", "text": ""}, "model": "kitchen.recipe", "pk": 30}, {"fields": {"source": "", "lcm": 1.0, "name": "blueberry cream cheese squares", "text": ""}, "model": "kitchen.recipe", "pk": 31}, {"fields": {"source": "", "lcm": 1.0, "name": "blueberry pie filling", "text": ""}, "model": "kitchen.recipe", "pk": 32}, {"fields": {"source": "", "lcm": 1.0, "name": "oatmeal raisin cookies 4", "text": ""}, "model": "kitchen.recipe", "pk": 33}, {"fields": {"source": "", "lcm": 1.0, "name": "muille-feuille", "text": ""}, "model": "kitchen.recipe", "pk": 34}, {"fields": {"source": "", "lcm": 1.0, "name": "puff pastry", "text": ""}, "model": "kitchen.recipe", "pk": 35}, {"fields": {"source": "", "lcm": 1.0, "name": "pastry cream", "text": ""}, "model": "kitchen.recipe", "pk": 36}, {"fields": {"source": "", "lcm": 1.0, "name": "strawberry filling", "text": ""}, "model": "kitchen.recipe", "pk": 37}, {"fields": {"source": "", "lcm": 1.0, "name": "raspberry filling", "text": ""}, "model": "kitchen.recipe", "pk": 38}, {"fields": {"source": "", "lcm": 1.0, "name": "veggie platter", "text": ""}, "model": "kitchen.recipe", "pk": 39}, {"fields": {"source": "", "lcm": 1.0, "name": "enchilada", "text": ""}, "model": "kitchen.recipe", "pk": 42}, {"fields": {"source": "", "lcm": 1.0, "name": "extras", "text": ""}, "model": "kitchen.recipe", "pk": 43}, {"fields": {"status": "0", "amount": 1.0, "recipe": 42}, "model": "kitchen.recipeorder", "pk": 2}, {"fields": {"status": "0", "amount": 1.0, "recipe": 43}, "model": "kitchen.recipeorder", "pk": 3}, {"fields": {"item": 1, "amount": 0.5, "recipe": 1, "optional": false, "unit": 1}, "model": "kitchen.ingredient", "pk": 1}, {"fields": {"item": 2, "amount": 2.0, "recipe": 1, "optional": false, "unit": 2}, "model": "kitchen.ingredient", "pk": 2}, {"fields": {"item": 3, "amount": 12.0, "recipe": 1, "optional": false, "unit": 3}, "model": "kitchen.ingredient", "pk": 3}, {"fields": {"item": 4, "amount": 0.667, "recipe": 1, "optional": false, "unit": 1}, "model": "kitchen.ingredient", "pk": 4}, {"fields": {"item": 5, "amount": 0.25, "recipe": 1, "optional": false, "unit": 1}, "model": "kitchen.ingredient", "pk": 5}, {"fields": {"item": 6, "amount": 2.0, "recipe": 1, "optional": false, "unit": 2}, "model": "kitchen.ingredient", "pk": 6}, {"fields": {"item": 7, "amount": 2.0, "recipe": 1, "optional": false, "unit": 4}, "model": "kitchen.ingredient", "pk": 7}, {"fields": {"item": 8, "amount": 1.0, "recipe": 1, "optional": false, "unit": 4}, "model": "kitchen.ingredient", "pk": 8}, {"fields": {"item": 9, "amount": 1.5, "recipe": 1, "optional": false, "unit": 5}, "model": "kitchen.ingredient", "pk": 9}, {"fields": {"item": 10, "amount": 0.125, "recipe": 1, "optional": false, "unit": 5}, "model": "kitchen.ingredient", "pk": 10}, {"fields": {"item": 11, "amount": 1.0, "recipe": 1, "optional": false, "unit": 2}, "model": "kitchen.ingredient", "pk": 11}, {"fields": {"item": 4, "amount": 1.0, "recipe": 2, "optional": false, "unit": 1}, "model": "kitchen.ingredient", "pk": 12}, {"fields": {"item": 1, "amount": 0.25, "recipe": 2, "optional": false, "unit": 1}, "model": "kitchen.ingredient", "pk": 13}, {"fields": {"item": 31, "amount": 8.0, "recipe": 2, "optional": false, "unit": 2}, "model": "kitchen.ingredient", "pk": 14}, {"fields": {"item": 13, "amount": 0.5, "recipe": 2, "optional": false, "unit": 1}, "model": "kitchen.ingredient", "pk": 15}, {"fields": {"item": 14, "amount": 1.0, "recipe": 2, "optional": false, "unit": 5}, "model": "kitchen.ingredient", "pk": 16}, {"fields": {"item": 15, "amount": 0.5, "recipe": 2, "optional": false, "unit": 5}, "model": "kitchen.ingredient", "pk": 17}, {"fields": {"item": 16, "amount": 1.0, "recipe": 3, "optional": false, "unit": 1}, "model": "kitchen.ingredient", "pk": 18}, {"fields": {"item": 17, "amount": 1.0, "recipe": 3, "optional": false, "unit": 1}, "model": "kitchen.ingredient", "pk": 19}, {"fields": {"item": 18, "amount": 2.5, "recipe": 3, "optional": false, "unit": 5}, "model": "kitchen.ingredient", "pk": 20}, {"fields": {"item": 19, "amount": 2.0, "recipe": 3, "optional": false, "unit": 5}, "model": "kitchen.ingredient", "pk": 21}, {"fields": {"item": 20, "amount": 0.75, "recipe": 3, "optional": false, "unit": 5}, "model": "kitchen.ingredient", "pk": 22}, {"fields": {"item": 21, "amount": 0.25, "recipe": 3, "optional": false, "unit": 5}, "model": "kitchen.ingredient", "pk": 23}, {"fields": {"item": 22, "amount": 0.5, "recipe": 3, "optional": false, "unit": 1}, "model": "kitchen.ingredient", "pk": 24}, {"fields": {"item": 23, "amount": 1.0, "recipe": 3, "optional": false, "unit": 1}, "model": "kitchen.ingredient", "pk": 25}, {"fields": {"item": 24, "amount": 1.5, "recipe": 3, "optional": false, "unit": 1}, "model": "kitchen.ingredient", "pk": 26}, {"fields": {"item": 25, "amount": 0.5, "recipe": 3, "optional": false, "unit": 1}, "model": "kitchen.ingredient", "pk": 27}, {"fields": {"item": 14, "amount": 1.0, "recipe": 3, "optional": false, "unit": 5}, "model": "kitchen.ingredient", "pk": 28}, {"fields": {"item": 26, "amount": 6.0, "recipe": 3, "optional": false, "unit": 4}, "model": "kitchen.ingredient", "pk": 29}, {"fields": {"item": 4, "amount": 1.33, "recipe": 3, "optional": false, "unit": 1}, "model": "kitchen.ingredient", "pk": 30}, {"fields": {"item": 6, "amount": 0.66, "recipe": 4, "optional": false, "unit": 1}, "model": "kitchen.ingredient", "pk": 31}, {"fields": {"item": 4, "amount": 1.75, "recipe": 4, "optional": false, "unit": 1}, "model": "kitchen.ingredient", "pk": 32}, {"fields": {"item": 8, "amount": 2.0, "recipe": 4, "optional": false, "unit": 4}, "model": "kitchen.ingredient", "pk": 33}, {"fields": {"item": 14, "amount": 1.5, "recipe": 4, "optional": false, "unit": 5}, "model": "kitchen.ingredient", "pk": 34}, {"fields": {"item": 17, "amount": 2.5, "recipe": 4, "optional": false, "unit": 1}, "model": "kitchen.ingredient", "pk": 35}, {"fields": {"item": 10, "amount": 0.5, "recipe": 4, "optional": false, "unit": 5}, "model": "kitchen.ingredient", "pk": 36}, {"fields": {"item": 27, "amount": 1.25, "recipe": 4, "optional": false, "unit": 1}, "model": "kitchen.ingredient", "pk": 37}, {"fields": {"item": 28, "amount": 2.5, "recipe": 4, "optional": false, "unit": 5}, "model": "kitchen.ingredient", "pk": 38}, {"fields": {"item": 17, "amount": 1.0, "recipe": 5, "optional": false, "unit": 1}, "model": "kitchen.ingredient", "pk": 39}, {"fields": {"item": 19, "amount": 0.75, "recipe": 5, "optional": false, "unit": 5}, "model": "kitchen.ingredient", "pk": 40}, {"fields": {"item": 10, "amount": 0.5, "recipe": 5, "optional": false, "unit": 5}, "model": "kitchen.ingredient", "pk": 41}, {"fields": {"item": 28, "amount": 0.25, "recipe": 5, "optional": false, "unit": 5}, "model": "kitchen.ingredient", "pk": 42}, {"fields": {"item": 29, "amount": 0.5, "recipe": 5, "optional": false, "unit": 1}, "model": "kitchen.ingredient", "pk": 43}, {"fields": {"item": 30, "amount": 0.333, "recipe": 5, "optional": false, "unit": 1}, "model": "kitchen.ingredient", "pk": 44}, {"fields": {"item": 31, "amount": 0.5, "recipe": 5, "optional": false, "unit": 1}, "model": "kitchen.ingredient", "pk": 45}, {"fields": {"item": 4, "amount": 0.75, "recipe": 5, "optional": false, "unit": 1}, "model": "kitchen.ingredient", "pk": 46}, {"fields": {"item": 14, "amount": 0.5, "recipe": 5, "optional": false, "unit": 5}, "model": "kitchen.ingredient", "pk": 47}, {"fields": {"item": 8, "amount": 1.0, "recipe": 5, "optional": false, "unit": 4}, "model": "kitchen.ingredient", "pk": 48}, {"fields": {"item": 10, "amount": 0.5, "recipe": 6, "optional": false, "unit": 5}, "model": "kitchen.ingredient", "pk": 49}, {"fields": {"item": 9, "amount": 3.0, "recipe": 6, "optional": false, "unit": 2}, "model": "kitchen.ingredient", "pk": 50}, {"fields": {"item": 4, "amount": 0.5, "recipe": 6, "optional": false, "unit": 1}, "model": "kitchen.ingredient", "pk": 51}, {"fields": {"item": 4, "amount": 1.0, "recipe": 6, "optional": false, "unit": 2}, "model": "kitchen.ingredient", "pk": 52}, {"fields": {"item": 33, "amount": 1.0, "recipe": 6, "optional": false, "unit": 4}, "model": "kitchen.ingredient", "pk": 53}, {"fields": {"item": 31, "amount": 3.0, "recipe": 6, "optional": false, "unit": 2}, "model": "kitchen.ingredient", "pk": 54}, {"fields": {"item": 34, "amount": 1.0, "recipe": 7, "optional": false, "unit": 4}, "model": "kitchen.ingredient", "pk": 55}, {"fields": {"item": 6, "amount": 0.5, "recipe": 7, "optional": false, "unit": 1}, "model": "kitchen.ingredient", "pk": 56}, {"fields": {"item": 2, "amount": 1.0, "recipe": 7, "optional": false, "unit": 5}, "model": "kitchen.ingredient", "pk": 57}, {"fields": {"item": 14, "amount": 0.5, "recipe": 7, "optional": false, "unit": 5}, "model": "kitchen.ingredient", "pk": 58}, {"fields": {"item": 10, "amount": 0.0625, "recipe": 7, "optional": false, "unit": 5}, "model": "kitchen.ingredient", "pk": 59}, {"fields": {"item": 35, "amount": 3.0, "recipe": 7, "optional": false, "unit": 1}, "model": "kitchen.ingredient", "pk": 60}, {"fields": {"item": 6, "amount": 1.0, "recipe": 8, "optional": false, "unit": 1}, "model": "kitchen.ingredient", "pk": 61}, {"fields": {"item": 35, "amount": 5.0, "recipe": 8, "optional": false, "unit": 1}, "model": "kitchen.ingredient", "pk": 62}, {"fields": {"item": 36, "amount": 0.75, "recipe": 8, "optional": false, "unit": 1}, "model": "kitchen.ingredient", "pk": 63}, {"fields": {"item": 37, "amount": 0.5, "recipe": 8, "optional": true, "unit": 5}, "model": "kitchen.ingredient", "pk": 64}, {"fields": {"item": 38, "amount": 2.0, "recipe": 9, "optional": false, "unit": 4}, "model": "kitchen.ingredient", "pk": 65}, {"fields": {"item": 39, "amount": 4.0, "recipe": 9, "optional": false, "unit": 1}, "model": "kitchen.ingredient", "pk": 66}, {"fields": {"item": 1, "amount": 3.0, "recipe": 9, "optional": false, "unit": 1}, "model": "kitchen.ingredient", "pk": 67}, {"fields": {"item": 40, "amount": 2.0, "recipe": 10, "optional": false, "unit": 4}, "model": "kitchen.ingredient", "pk": 68}, {"fields": {"item": 31, "amount": 0.5, "recipe": 10, "optional": false, "unit": 2}, "model": "kitchen.ingredient", "pk": 69}, {"fields": {"item": 41, "amount": 3.0, "recipe": 10, "optional": false, "unit": 2}, "model": "kitchen.ingredient", "pk": 70}, {"fields": {"item": 42, "amount": 0.25, "recipe": 10, "optional": false, "unit": 1}, "model": "kitchen.ingredient", "pk": 71}, {"fields": {"item": 18, "amount": 0.125, "recipe": 10, "optional": false, "unit": 5}, "model": "kitchen.ingredient", "pk": 72}, {"fields": {"item": 8, "amount": 3.0, "recipe": 11, "optional": false, "unit": 4}, "model": "kitchen.ingredient", "pk": 73}, {"fields": {"item": 4, "amount": 1.333, "recipe": 11, "optional": false, "unit": 1}, "model": "kitchen.ingredient", "pk": 74}, {"fields": {"item": 43, "amount": 0.5, "recipe": 11, "optional": false, "unit": 1}, "model": "kitchen.ingredient", "pk": 75}, {"fields": {"item": 44, "amount": 0.5, "recipe": 11, "optional": false, "unit": 1}, "model": "kitchen.ingredient", "pk": 76}, {"fields": {"item": 45, "amount": 1.0, "recipe": 11, "optional": false, "unit": 5}, "model": "kitchen.ingredient", "pk": 77}, {"fields": {"item": 17, "amount": 2.5, "recipe": 11, "optional": false, "unit": 1}, "model": "kitchen.ingredient", "pk": 78}, {"fields": {"item": 18, "amount": 2.0, "recipe": 11, "optional": false, "unit": 5}, "model": "kitchen.ingredient", "pk": 79}, {"fields": {"item": 28, "amount": 2.0, "recipe": 11, "optional": false, "unit": 5}, "model": "kitchen.ingredient", "pk": 80}, {"fields": {"item": 19, "amount": 1.0, "recipe": 11, "optional": false, "unit": 5}, "model": "kitchen.ingredient", "pk": 81}, {"fields": {"item": 10, "amount": 1.0, "recipe": 11, "optional": false, "unit": 5}, "model": "kitchen.ingredient", "pk": 82}, {"fields": {"item": 21, "amount": 0.5, "recipe": 11, "optional": false, "unit": 5}, "model": "kitchen.ingredient", "pk": 83}, {"fields": {"item": 25, "amount": 1.5, "recipe": 11, "optional": false, "unit": 1}, "model": "kitchen.ingredient", "pk": 84}, {"fields": {"item": 31, "amount": 1.0, "recipe": 12, "optional": false, "unit": 2}, "model": "kitchen.ingredient", "pk": 85}, {"fields": {"item": 6, "amount": -1.0, "recipe": 12, "optional": false, "unit": 2}, "model": "kitchen.ingredient", "pk": 86}, {"fields": {"item": 31, "amount": -2.0, "recipe": 13, "optional": false, "unit": 1}, "model": "kitchen.ingredient", "pk": 87}, {"fields": {"item": 46, "amount": 1.0, "recipe": 13, "optional": false, "unit": 4}, "model": "kitchen.ingredient", "pk": 88}, {"fields": {"item": 8, "amount": 1.0, "recipe": 14, "optional": false, "unit": 4}, "model": "kitchen.ingredient", "pk": 89}, {"fields": {"item": 7, "amount": -1.0, "recipe": 14, "optional": false, "unit": 4}, "model": "kitchen.ingredient", "pk": 90}, {"fields": {"item": 26, "amount": -1.0, "recipe": 14, "optional": false, "unit": 4}, "model": "kitchen.ingredient", "pk": 91}, {"fields": {"item": 47, "amount": 2.0, "recipe": 15, "optional": false, "unit": 1}, "model": "kitchen.ingredient", "pk": 92}, {"fields": {"item": 48, "amount": 2.0, "recipe": 15, "optional": false, "unit": 6}, "model": "kitchen.ingredient", "pk": 93}, {"fields": {"item": 49, "amount": 4.0, "recipe": 15, "optional": false, "unit": 3}, "model": "kitchen.ingredient", "pk": 94}, {"fields": {"item": 50, "amount": 4.0, "recipe": 15, "optional": false, "unit": 3}, "model": "kitchen.ingredient", "pk": 95}, {"fields": {"item": 51, "amount": 1.0, "recipe": 15, "optional": false, "unit": 4}, "model": "kitchen.ingredient", "pk": 96}, {"fields": {"item": 52, "amount": 1.0, "recipe": 15, "optional": false, "unit": 4}, "model": "kitchen.ingredient", "pk": 97}, {"fields": {"item": 53, "amount": 4.0, "recipe": 15, "optional": false, "unit": 4}, "model": "kitchen.ingredient", "pk": 98}, {"fields": {"item": 54, "amount": 2.0, "recipe": 15, "optional": false, "unit": 4}, "model": "kitchen.ingredient", "pk": 99}, {"fields": {"item": 55, "amount": 1.0, "recipe": 16, "optional": false, "unit": 2}, "model": "kitchen.ingredient", "pk": 100}, {"fields": {"item": 53, "amount": 1.0, "recipe": 16, "optional": false, "unit": 4}, "model": "kitchen.ingredient", "pk": 101}, {"fields": {"item": 56, "amount": 1.0, "recipe": 16, "optional": false, "unit": 1}, "model": "kitchen.ingredient", "pk": 102}, {"fields": {"item": 57, "amount": 2.0, "recipe": 16, "optional": false, "unit": 5}, "model": "kitchen.ingredient", "pk": 103}, {"fields": {"item": 58, "amount": 2.0, "recipe": 16, "optional": false, "unit": 5}, "model": "kitchen.ingredient", "pk": 104}, {"fields": {"item": 59, "amount": 1.0, "recipe": 16, "optional": false, "unit": 5}, "model": "kitchen.ingredient", "pk": 105}, {"fields": {"item": 60, "amount": 1.0, "recipe": 16, "optional": false, "unit": 5}, "model": "kitchen.ingredient", "pk": 106}, {"fields": {"item": 61, "amount": 4.0, "recipe": 16, "optional": false, "unit": 1}, "model": "kitchen.ingredient", "pk": 107}, {"fields": {"item": 62, "amount": 1.5, "recipe": 16, "optional": false, "unit": 6}, "model": "kitchen.ingredient", "pk": 108}, {"fields": {"item": 63, "amount": 1.0, "recipe": 16, "optional": false, "unit": 4}, "model": "kitchen.ingredient", "pk": 109}, {"fields": {"item": 64, "amount": 1.0, "recipe": 16, "optional": false, "unit": 4}, "model": "kitchen.ingredient", "pk": 110}, {"fields": {"item": 65, "amount": 1.0, "recipe": 16, "optional": true, "unit": 4}, "model": "kitchen.ingredient", "pk": 111}, {"fields": {"item": 66, "amount": 1.0, "recipe": 16, "optional": true, "unit": 4}, "model": "kitchen.ingredient", "pk": 112}, {"fields": {"item": 67, "amount": 0.25, "recipe": 16, "optional": true, "unit": 1}, "model": "kitchen.ingredient", "pk": 113}, {"fields": {"item": 68, "amount": 1.0, "recipe": 17, "optional": false, "unit": 4}, "model": "kitchen.ingredient", "pk": 114}, {"fields": {"item": 62, "amount": 1.5, "recipe": 17, "optional": false, "unit": 6}, "model": "kitchen.ingredient", "pk": 115}, {"fields": {"item": 69, "amount": 1.0, "recipe": 17, "optional": false, "unit": 4}, "model": "kitchen.ingredient", "pk": 116}, {"fields": {"item": 70, "amount": 1.0, "recipe": 17, "optional": false, "unit": 4}, "model": "kitchen.ingredient", "pk": 117}, {"fields": {"item": 54, "amount": 2.0, "recipe": 17, "optional": false, "unit": 4}, "model": "kitchen.ingredient", "pk": 118}, {"fields": {"item": 43, "amount": 0.5, "recipe": 18, "optional": false, "unit": 1}, "model": "kitchen.ingredient", "pk": 119}, {"fields": {"item": 71, "amount": 0.5, "recipe": 18, "optional": false, "unit": 1}, "model": "kitchen.ingredient", "pk": 120}, {"fields": {"item": 72, "amount": 0.333, "recipe": 18, "optional": false, "unit": 1}, "model": "kitchen.ingredient", "pk": 121}, {"fields": {"item": 63, "amount": 1.0, "recipe": 18, "optional": false, "unit": 4}, "model": "kitchen.ingredient", "pk": 122}, {"fields": {"item": 73, "amount": 1.0, "recipe": 18, "optional": false, "unit": 4}, "model": "kitchen.ingredient", "pk": 123}, {"fields": {"item": 2, "amount": 0.5, "recipe": 18, "optional": false, "unit": 1}, "model": "kitchen.ingredient", "pk": 124}, {"fields": {"item": 75, "amount": 1.5, "recipe": 18, "optional": false, "unit": 5}, "model": "kitchen.ingredient", "pk": 125}, {"fields": {"item": 76, "amount": 1.0, "recipe": 19, "optional": false, "unit": 4}, "model": "kitchen.ingredient", "pk": 126}, {"fields": {"item": 77, "amount": 1.0, "recipe": 19, "optional": false, "unit": 4}, "model": "kitchen.ingredient", "pk": 127}, {"fields": {"item": 78, "amount": 2.0, "recipe": 19, "optional": false, "unit": 4}, "model": "kitchen.ingredient", "pk": 128}, {"fields": {"item": 79, "amount": 1.0, "recipe": 19, "optional": false, "unit": 4}, "model": "kitchen.ingredient", "pk": 129}, {"fields": {"item": 80, "amount": 2.0, "recipe": 19, "optional": false, "unit": 4}, "model": "kitchen.ingredient", "pk": 130}, {"fields": {"item": 81, "amount": 2.0, "recipe": 19, "optional": false, "unit": 4}, "model": "kitchen.ingredient", "pk": 131}, {"fields": {"item": 82, "amount": 1.0, "recipe": 19, "optional": false, "unit": 4}, "model": "kitchen.ingredient", "pk": 132}, {"fields": {"item": 83, "amount": 4.0, "recipe": 19, "optional": false, "unit": 4}, "model": "kitchen.ingredient", "pk": 133}, {"fields": {"item": 84, "amount": 1.0, "recipe": 19, "optional": false, "unit": 4}, "model": "kitchen.ingredient", "pk": 134}, {"fields": {"item": 85, "amount": 1.0, "recipe": 19, "optional": false, "unit": 4}, "model": "kitchen.ingredient", "pk": 135}, {"fields": {"item": 86, "amount": 1.0, "recipe": 19, "optional": false, "unit": 4}, "model": "kitchen.ingredient", "pk": 136}, {"fields": {"item": 48, "amount": 2.0, "recipe": 20, "optional": false, "unit": 6}, "model": "kitchen.ingredient", "pk": 137}, {"fields": {"item": 87, "amount": 1.0, "recipe": 20, "optional": false, "unit": 6}, "model": "kitchen.ingredient", "pk": 138}, {"fields": {"item": 88, "amount": 1.0, "recipe": 20, "optional": false, "unit": 4}, "model": "kitchen.ingredient", "pk": 139}, {"fields": {"item": 50, "amount": 1.0, "recipe": 20, "optional": false, "unit": 4}, "model": "kitchen.ingredient", "pk": 140}, {"fields": {"item": 49, "amount": 1.0, "recipe": 20, "optional": false, "unit": 4}, "model": "kitchen.ingredient", "pk": 141}, {"fields": {"item": 52, "amount": 1.0, "recipe": 20, "optional": false, "unit": 4}, "model": "kitchen.ingredient", "pk": 142}, {"fields": {"item": 91, "amount": 2.0, "recipe": 20, "optional": false, "unit": 6}, "model": "kitchen.ingredient", "pk": 143}, {"fields": {"item": 92, "amount": 1.0, "recipe": 20, "optional": false, "unit": 4}, "model": "kitchen.ingredient", "pk": 144}, {"fields": {"item": 93, "amount": 24.0, "recipe": 20, "optional": false, "unit": 4}, "model": "kitchen.ingredient", "pk": 145}, {"fields": {"item": 53, "amount": 1.0, "recipe": 21, "optional": false, "unit": 4}, "model": "kitchen.ingredient", "pk": 146}, {"fields": {"item": 55, "amount": 6.0, "recipe": 21, "optional": false, "unit": 5}, "model": "kitchen.ingredient", "pk": 147}, {"fields": {"item": 94, "amount": 1.0, "recipe": 21, "optional": false, "unit": 5}, "model": "kitchen.ingredient", "pk": 148}, {"fields": {"item": 10, "amount": 1.0, "recipe": 21, "optional": false, "unit": 5}, "model": "kitchen.ingredient", "pk": 149}, {"fields": {"item": 95, "amount": 1.0, "recipe": 21, "optional": false, "unit": 5}, "model": "kitchen.ingredient", "pk": 150}, {"fields": {"item": 2, "amount": 1.0, "recipe": 21, "optional": false, "unit": 2}, "model": "kitchen.ingredient", "pk": 151}, {"fields": {"item": 96, "amount": 1.0, "recipe": 21, "optional": false, "unit": 2}, "model": "kitchen.ingredient", "pk": 152}, {"fields": {"item": 97, "amount": 12.0, "recipe": 21, "optional": false, "unit": 3}, "model": "kitchen.ingredient", "pk": 153}, {"fields": {"item": 49, "amount": 1.0, "recipe": 25, "optional": false, "unit": 4}, "model": "kitchen.ingredient", "pk": 156}, {"fields": {"item": 50, "amount": 1.0, "recipe": 25, "optional": false, "unit": 4}, "model": "kitchen.ingredient", "pk": 157}, {"fields": {"item": 31, "amount": 12.0, "recipe": 26, "optional": false, "unit": 2}, "model": "kitchen.ingredient", "pk": 158}, {"fields": {"item": 5, "amount": 20.0, "recipe": 26, "optional": false, "unit": 2}, "model": "kitchen.ingredient", "pk": 159}, {"fields": {"item": 4, "amount": 4.0, "recipe": 26, "optional": false, "unit": 2}, "model": "kitchen.ingredient", "pk": 160}, {"fields": {"item": 98, "amount": 1.0, "recipe": 26, "optional": false, "unit": 5}, "model": "kitchen.ingredient", "pk": 161}, {"fields": {"item": 99, "amount": 4.0, "recipe": 26, "optional": false, "unit": 2}, "model": "kitchen.ingredient", "pk": 162}, {"fields": {"item": 100, "amount": 36.0, "recipe": 26, "optional": false, "unit": 2}, "model": "kitchen.ingredient", "pk": 163}, {"fields": {"item": 28, "amount": 1.0, "recipe": 26, "optional": false, "unit": 5}, "model": "kitchen.ingredient", "pk": 164}, {"fields": {"item": 19, "amount": 1.0, "recipe": 26, "optional": false, "unit": 5}, "model": "kitchen.ingredient", "pk": 165}, {"fields": {"item": 10, "amount": 1.0, "recipe": 26, "optional": false, "unit": 5}, "model": "kitchen.ingredient", "pk": 166}, {"fields": {"item": 101, "amount": 12.0, "recipe": 26, "optional": false, "unit": 3}, "model": "kitchen.ingredient", "pk": 167}, {"fields": {"item": 31, "amount": 1.0, "recipe": 27, "optional": false, "unit": 1}, "model": "kitchen.ingredient", "pk": 168}, {"fields": {"item": 5, "amount": 1.0, "recipe": 27, "optional": false, "unit": 1}, "model": "kitchen.ingredient", "pk": 169}, {"fields": {"item": 4, "amount": 1.0, "recipe": 27, "optional": false, "unit": 1}, "model": "kitchen.ingredient", "pk": 170}, {"fields": {"item": 8, "amount": 2.0, "recipe": 27, "optional": false, "unit": 4}, "model": "kitchen.ingredient", "pk": 171}, {"fields": {"item": 14, "amount": 2.0, "recipe": 27, "optional": false, "unit": 5}, "model": "kitchen.ingredient", "pk": 172}, {"fields": {"item": 17, "amount": 3.0, "recipe": 27, "optional": false, "unit": 1}, "model": "kitchen.ingredient", "pk": 173}, {"fields": {"item": 19, "amount": 1.0, "recipe": 27, "optional": false, "unit": 5}, "model": "kitchen.ingredient", "pk": 174}, {"fields": {"item": 102, "amount": 2.0, "recipe": 27, "optional": false, "unit": 5}, "model": "kitchen.ingredient", "pk": 175}, {"fields": {"item": 10, "amount": 0.5, "recipe": 27, "optional": false, "unit": 5}, "model": "kitchen.ingredient", "pk": 176}, {"fields": {"item": 101, "amount": 2.0, "recipe": 27, "optional": false, "unit": 1}, "model": "kitchen.ingredient", "pk": 177}, {"fields": {"item": 103, "amount": 1.0, "recipe": 27, "optional": true, "unit": 1}, "model": "kitchen.ingredient", "pk": 178}, {"fields": {"item": 31, "amount": 1.0, "recipe": 28, "optional": false, "unit": 1}, "model": "kitchen.ingredient", "pk": 179}, {"fields": {"item": 105, "amount": 1.0, "recipe": 28, "optional": false, "unit": 1}, "model": "kitchen.ingredient", "pk": 180}, {"fields": {"item": 4, "amount": 1.0, "recipe": 28, "optional": false, "unit": 1}, "model": "kitchen.ingredient", "pk": 181}, {"fields": {"item": 5, "amount": 1.0, "recipe": 28, "optional": false, "unit": 1}, "model": "kitchen.ingredient", "pk": 182}, {"fields": {"item": 8, "amount": 2.0, "recipe": 28, "optional": false, "unit": 4}, "model": "kitchen.ingredient", "pk": 183}, {"fields": {"item": 17, "amount": 2.5, "recipe": 28, "optional": false, "unit": 1}, "model": "kitchen.ingredient", "pk": 184}, {"fields": {"item": 28, "amount": 1.0, "recipe": 28, "optional": false, "unit": 5}, "model": "kitchen.ingredient", "pk": 185}, {"fields": {"item": 10, "amount": 0.5, "recipe": 28, "optional": false, "unit": 5}, "model": "kitchen.ingredient", "pk": 186}, {"fields": {"item": 19, "amount": 1.5, "recipe": 28, "optional": false, "unit": 5}, "model": "kitchen.ingredient", "pk": 187}, {"fields": {"item": 106, "amount": 0.33, "recipe": 29, "optional": false, "unit": 1}, "model": "kitchen.ingredient", "pk": 188}, {"fields": {"item": 4, "amount": 1.0, "recipe": 29, "optional": false, "unit": 2}, "model": "kitchen.ingredient", "pk": 189}, {"fields": {"item": 31, "amount": 1.0, "recipe": 29, "optional": false, "unit": 2}, "model": "kitchen.ingredient", "pk": 190}, {"fields": {"item": 107, "amount": 8.0, "recipe": 29, "optional": false, "unit": 3}, "model": "kitchen.ingredient", "pk": 191}, {"fields": {"item": 4, "amount": 0.25, "recipe": 29, "optional": false, "unit": 1}, "model": "kitchen.ingredient", "pk": 192}, {"fields": {"item": 2, "amount": 1.5, "recipe": 29, "optional": false, "unit": 5}, "model": "kitchen.ingredient", "pk": 193}, {"fields": {"item": 108, "amount": 0.5, "recipe": 29, "optional": false, "unit": 5}, "model": "kitchen.ingredient", "pk": 194}, {"fields": {"item": 14, "amount": 0.25, "recipe": 29, "optional": false, "unit": 5}, "model": "kitchen.ingredient", "pk": 195}, {"fields": {"item": 8, "amount": 1.0, "recipe": 29, "optional": false, "unit": 4}, "model": "kitchen.ingredient", "pk": 196}, {"fields": {"item": 3, "amount": 12.0, "recipe": 30, "optional": false, "unit": 3}, "model": "kitchen.ingredient", "pk": 197}, {"fields": {"item": 4, "amount": 1.0, "recipe": 30, "optional": false, "unit": 1}, "model": "kitchen.ingredient", "pk": 198}, {"fields": {"item": 1, "amount": 0.75, "recipe": 30, "optional": false, "unit": 1}, "model": "kitchen.ingredient", "pk": 199}, {"fields": {"item": 109, "amount": 1.0, "recipe": 30, "optional": false, "unit": 4}, "model": "kitchen.ingredient", "pk": 200}, {"fields": {"item": 31, "amount": 0.75, "recipe": 30, "optional": false, "unit": 1}, "model": "kitchen.ingredient", "pk": 201}, {"fields": {"item": 8, "amount": 2.0, "recipe": 30, "optional": false, "unit": 4}, "model": "kitchen.ingredient", "pk": 202}, {"fields": {"item": 110, "amount": 1.0, "recipe": 30, "optional": false, "unit": 1}, "model": "kitchen.ingredient", "pk": 203}, {"fields": {"item": 5, "amount": 0.75, "recipe": 30, "optional": false, "unit": 1}, "model": "kitchen.ingredient", "pk": 204}, {"fields": {"item": 111, "amount": 1.0, "recipe": 30, "optional": false, "unit": 5}, "model": "kitchen.ingredient", "pk": 205}, {"fields": {"item": 18, "amount": 1.0, "recipe": 30, "optional": false, "unit": 5}, "model": "kitchen.ingredient", "pk": 206}, {"fields": {"item": 112, "amount": 2.0, "recipe": 31, "optional": false, "unit": 4}, "model": "kitchen.ingredient", "pk": 207}, {"fields": {"item": 107, "amount": 16.0, "recipe": 31, "optional": false, "unit": 3}, "model": "kitchen.ingredient", "pk": 208}, {"fields": {"item": 4, "amount": 1.0, "recipe": 31, "optional": false, "unit": 1}, "model": "kitchen.ingredient", "pk": 209}, {"fields": {"item": 14, "amount": 1.0, "recipe": 31, "optional": false, "unit": 5}, "model": "kitchen.ingredient", "pk": 210}, {"fields": {"item": 31, "amount": 0.5, "recipe": 31, "optional": false, "unit": 1}, "model": "kitchen.ingredient", "pk": 211}, {"fields": {"item": 4, "amount": 0.25, "recipe": 31, "optional": false, "unit": 1}, "model": "kitchen.ingredient", "pk": 212}, {"fields": {"item": 18, "amount": 1.0, "recipe": 31, "optional": false, "unit": 5}, "model": "kitchen.ingredient", "pk": 213}, {"fields": {"item": 113, "amount": 16.0, "recipe": 31, "optional": false, "unit": 3}, "model": "kitchen.ingredient", "pk": 214}, {"fields": {"item": 114, "amount": 4.0, "recipe": 32, "optional": false, "unit": 1}, "model": "kitchen.ingredient", "pk": 215}, {"fields": {"item": 4, "amount": 0.75, "recipe": 32, "optional": false, "unit": 1}, "model": "kitchen.ingredient", "pk": 216}, {"fields": {"item": 9, "amount": 3.0, "recipe": 32, "optional": false, "unit": 2}, "model": "kitchen.ingredient", "pk": 217}, {"fields": {"item": 1, "amount": 3.0, "recipe": 32, "optional": false, "unit": 2}, "model": "kitchen.ingredient", "pk": 218}, {"fields": {"item": 108, "amount": 1.0, "recipe": 32, "optional": false, "unit": 5}, "model": "kitchen.ingredient", "pk": 219}, {"fields": {"item": 18, "amount": 0.5, "recipe": 32, "optional": false, "unit": 5}, "model": "kitchen.ingredient", "pk": 220}, {"fields": {"item": 20, "amount": 0.25, "recipe": 32, "optional": false, "unit": 5}, "model": "kitchen.ingredient", "pk": 221}, {"fields": {"item": 31, "amount": 2.0, "recipe": 32, "optional": false, "unit": 2}, "model": "kitchen.ingredient", "pk": 222}, {"fields": {"item": 8, "amount": 3.0, "recipe": 33, "optional": false, "unit": 4}, "model": "kitchen.ingredient", "pk": 223}, {"fields": {"item": 115, "amount": 1.0, "recipe": 33, "optional": false, "unit": 1}, "model": "kitchen.ingredient", "pk": 224}, {"fields": {"item": 14, "amount": 1.0, "recipe": 33, "optional": false, "unit": 5}, "model": "kitchen.ingredient", "pk": 225}, {"fields": {"item": 31, "amount": 1.0, "recipe": 33, "optional": false, "unit": 1}, "model": "kitchen.ingredient", "pk": 226}, {"fields": {"item": 4, "amount": 1.0, "recipe": 33, "optional": false, "unit": 1}, "model": "kitchen.ingredient", "pk": 227}, {"fields": {"item": 5, "amount": 1.0, "recipe": 33, "optional": false, "unit": 1}, "model": "kitchen.ingredient", "pk": 228}, {"fields": {"item": 17, "amount": 2.5, "recipe": 33, "optional": false, "unit": 1}, "model": "kitchen.ingredient", "pk": 229}, {"fields": {"item": 18, "amount": 1.0, "recipe": 33, "optional": false, "unit": 5}, "model": "kitchen.ingredient", "pk": 230}, {"fields": {"item": 19, "amount": 2.0, "recipe": 33, "optional": false, "unit": 5}, "model": "kitchen.ingredient", "pk": 231}, {"fields": {"item": 110, "amount": 2.0, "recipe": 33, "optional": false, "unit": 1}, "model": "kitchen.ingredient", "pk": 232}, {"fields": {"item": 116, "amount": 1.0, "recipe": 33, "optional": false, "unit": 1}, "model": "kitchen.ingredient", "pk": 233}, {"fields": {"item": 117, "amount": 1.0, "recipe": 34, "optional": false, "unit": 4}, "model": "kitchen.ingredient", "pk": 234}, {"fields": {"item": 17, "amount": 2.0, "recipe": 35, "optional": false, "unit": 1}, "model": "kitchen.ingredient", "pk": 235}, {"fields": {"item": 10, "amount": 1.0, "recipe": 35, "optional": false, "unit": 5}, "model": "kitchen.ingredient", "pk": 236}, {"fields": {"item": 31, "amount": 1.75, "recipe": 35, "optional": false, "unit": 1}, "model": "kitchen.ingredient", "pk": 237}, {"fields": {"item": 118, "amount": 1.0, "recipe": 35, "optional": false, "unit": 1}, "model": "kitchen.ingredient", "pk": 238}, {"fields": {"item": 2, "amount": 1.0, "recipe": 35, "optional": false, "unit": 5}, "model": "kitchen.ingredient", "pk": 239}, {"fields": {"item": 7, "amount": 5.0, "recipe": 36, "optional": false, "unit": 4}, "model": "kitchen.ingredient", "pk": 240}, {"fields": {"item": 4, "amount": 0.33, "recipe": 36, "optional": false, "unit": 1}, "model": "kitchen.ingredient", "pk": 241}, {"fields": {"item": 4, "amount": 1.0, "recipe": 36, "optional": false, "unit": 2}, "model": "kitchen.ingredient", "pk": 242}, {"fields": {"item": 119, "amount": 1.5, "recipe": 36, "optional": false, "unit": 1}, "model": "kitchen.ingredient", "pk": 243}, {"fields": {"item": 17, "amount": 3.0, "recipe": 36, "optional": false, "unit": 2}, "model": "kitchen.ingredient", "pk": 244}, {"fields": {"item": 120, "amount": 1.0, "recipe": 36, "optional": false, "unit": 4}, "model": "kitchen.ingredient", "pk": 245}, {"fields": {"item": 10, "amount": 0.0625, "recipe": 36, "optional": false, "unit": 5}, "model": "kitchen.ingredient", "pk": 246}, {"fields": {"item": 121, "amount": 2.5, "recipe": 37, "optional": false, "unit": 1}, "model": "kitchen.ingredient", "pk": 247}, {"fields": {"item": 4, "amount": 0.5, "recipe": 37, "optional": false, "unit": 1}, "model": "kitchen.ingredient", "pk": 248}, {"fields": {"item": 9, "amount": 2.5, "recipe": 37, "optional": false, "unit": 2}, "model": "kitchen.ingredient", "pk": 249}, {"fields": {"item": 122, "amount": 1.5, "recipe": 38, "optional": false, "unit": 1}, "model": "kitchen.ingredient", "pk": 250}, {"fields": {"item": 9, "amount": 1.0, "recipe": 38, "optional": false, "unit": 2}, "model": "kitchen.ingredient", "pk": 251}, {"fields": {"item": 2, "amount": 2.0, "recipe": 38, "optional": false, "unit": 2}, "model": "kitchen.ingredient", "pk": 252}, {"fields": {"item": 4, "amount": 0.25, "recipe": 38, "optional": false, "unit": 1}, "model": "kitchen.ingredient", "pk": 253}, {"fields": {"item": 123, "amount": 6.0, "recipe": 29, "optional": false, "unit": 4}, "model": "kitchen.ingredient", "pk": 254}, {"fields": {"item": 124, "amount": 4.0, "recipe": 39, "optional": false, "unit": 4}, "model": "kitchen.ingredient", "pk": 255}, {"fields": {"item": 125, "amount": 3.0, "recipe": 39, "optional": false, "unit": 4}, "model": "kitchen.ingredient", "pk": 256}, {"fields": {"item": 49, "amount": 1.0, "recipe": 39, "optional": false, "unit": 4}, "model": "kitchen.ingredient", "pk": 257}, {"fields": {"item": 50, "amount": 1.0, "recipe": 39, "optional": false, "unit": 4}, "model": "kitchen.ingredient", "pk": 258}, {"fields": {"item": 126, "amount": 0.0, "recipe": 39, "optional": false, "unit": 4}, "model": "kitchen.ingredient", "pk": 259}, {"fields": {"item": 127, "amount": 2.0, "recipe": 39, "optional": false, "unit": 4}, "model": "kitchen.ingredient", "pk": 260}, {"fields": {"item": 128, "amount": 0.0, "recipe": 39, "optional": false, "unit": 4}, "model": "kitchen.ingredient", "pk": 261}, {"fields": {"item": 129, "amount": 4.0, "recipe": 39, "optional": false, "unit": 4}, "model": "kitchen.ingredient", "pk": 262}, {"fields": {"item": 130, "amount": 0.0, "recipe": 39, "optional": false, "unit": 4}, "model": "kitchen.ingredient", "pk": 263}, {"fields": {"item": 131, "amount": 12.0, "recipe": 29, "optional": false, "unit": 3}, "model": "kitchen.ingredient", "pk": 264}, {"fields": {"item": 132, "amount": 30.0, "recipe": 42, "optional": false, "unit": 4}, "model": "kitchen.ingredient", "pk": 268}, {"fields": {"item": 133, "amount": 1.0, "recipe": 42, "optional": false, "unit": 4}, "model": "kitchen.ingredient", "pk": 269}, {"fields": {"item": 134, "amount": 2.0, "recipe": 42, "optional": false, "unit": 4}, "model": "kitchen.ingredient", "pk": 270}, {"fields": {"item": 135, "amount": 8.0, "recipe": 42, "optional": false, "unit": 3}, "model": "kitchen.ingredient", "pk": 271}, {"fields": {"item": 48, "amount": 2.0, "recipe": 42, "optional": false, "unit": 6}, "model": "kitchen.ingredient", "pk": 272}, {"fields": {"item": 136, "amount": 1.0, "recipe": 42, "optional": false, "unit": 4}, "model": "kitchen.ingredient", "pk": 273}, {"fields": {"item": 137, "amount": 1.0, "recipe": 43, "optional": false, "unit": 4}, "model": "kitchen.ingredient", "pk": 274}, {"fields": {"item": 48, "amount": 2.0, "recipe": 43, "optional": false, "unit": 6}, "model": "kitchen.ingredient", "pk": 275}, {"fields": {"item": 138, "amount": 2.0, "recipe": 43, "optional": false, "unit": 4}, "model": "kitchen.ingredient", "pk": 276}, {"fields": {"item": 139, "amount": 1.0, "recipe": 43, "optional": false, "unit": 4}, "model": "kitchen.ingredient", "pk": 277}, {"fields": {"item": 140, "amount": 3.0, "recipe": 43, "optional": false, "unit": 4}, "model": "kitchen.ingredient", "pk": 278}, {"fields": {"name": "winco tigard"}, "model": "kitchen.store", "pk": 1}, {"fields": {"category": 10, "order": 10.0, "store": 1}, "model": "kitchen.storecategory", "pk": 1}, {"fields": {"category": 13, "order": 20.0, "store": 1}, "model": "kitchen.storecategory", "pk": 2}, {"fields": {"category": 32, "order": 30.0, "store": 1}, "model": "kitchen.storecategory", "pk": 3}, {"fields": {"category": 34, "order": 40.0, "store": 1}, "model": "kitchen.storecategory", "pk": 4}, {"fields": {"category": 12, "order": 60.0, "store": 1}, "model": "kitchen.storecategory", "pk": 5}, {"fields": {"category": 36, "order": 80.0, "store": 1}, "model": "kitchen.storecategory", "pk": 6}, {"fields": {"category": 54, "order": 90.0, "store": 1}, "model": "kitchen.storecategory", "pk": 7}, {"fields": {"category": 55, "order": 100.0, "store": 1}, "model": "kitchen.storecategory", "pk": 8}, {"fields": {"category": 26, "order": 110.0, "store": 1}, "model": "kitchen.storecategory", "pk": 9}, {"fields": {"category": 57, "order": 106.0, "store": 1}, "model": "kitchen.storecategory", "pk": 10}, {"fields": {"category": 56, "order": 103.0, "store": 1}, "model": "kitchen.storecategory", "pk": 11}, {"fields": {"category": 35, "order": 150.0, "store": 1}, "model": "kitchen.storecategory", "pk": 12}, {"fields": {"category": 58, "order": 50.0, "store": 1}, "model": "kitchen.storecategory", "pk": 13}, {"fields": {"category": 59, "order": 45.0, "store": 1}, "model": "kitchen.storecategory", "pk": 14}, {"fields": {"category": 15, "order": 42.0, "store": 1}, "model": "kitchen.storecategory", "pk": 15}]