[{"fields": {"name": "mass"}, "model": "kitchen.measurementtype", "pk": 1}, {"fields": {"name": "volume"}, "model": "kitchen.measurementtype", "pk": 2}, {"fields": {"name": "none"}, "model": "kitchen.measurementtype", "pk": 3}, {"fields": {"convert": 1.47868e-05, "measurementtype": 2, "name": "tablespoon"}, "model": "kitchen.unit", "pk": 1}, {"fields": {"convert": 4.92892e-06, "measurementtype": 2, "name": "teaspoon"}, "model": "kitchen.unit", "pk": 2}, {"fields": {"convert": 1.0, "measurementtype": 3, "name": "none"}, "model": "kitchen.unit", "pk": 3}, {"fields": {"convert": 0.000236588, "measurementtype": 2, "name": "cup"}, "model": "kitchen.unit", "pk": 4}, {"fields": {"category": "unknown", "name": "(15 ounce) can pumpkin puree", "unit": 3}, "model": "kitchen.item", "pk": 1}, {"fields": {"category": "unknown", "name": "egg yolk", "unit": 3}, "model": "kitchen.item", "pk": 3}, {"fields": {"category": "unknown", "name": "large egg", "unit": 3}, "model": "kitchen.item", "pk": 4}, {"fields": {"category": "unknown", "name": "(14 ounce) can sweetened condensed milk", "unit": 3}, "model": "kitchen.item", "pk": 5}, {"fields": {"category": "unknown", "name": "ground cinnamon", "unit": 2}, "model": "kitchen.item", "pk": 6}, {"fields": {"category": "unknown", "name": "ground ginger", "unit": 2}, "model": "kitchen.item", "pk": 7}, {"fields": {"category": "unknown", "name": "fine salt", "unit": 2}, "model": "kitchen.item", "pk": 8}, {"fields": {"category": "unknown", "name": "freshly grated nutmeg", "unit": 2}, "model": "kitchen.item", "pk": 9}, {"fields": {"category": "unknown", "name": "Chinese 5-spice powder", "unit": 2}, "model": "kitchen.item", "pk": 10}, {"fields": {"category": "unknown", "name": "9-inch unbaked pie crust", "unit": 3}, "model": "kitchen.item", "pk": 11}, {"fields": {"category": "unknown", "name": "all-purpose flour", "unit": 4}, "model": "kitchen.item", "pk": 12}, {"fields": {"category": "unknown", "name": "unsalted butter - chilled, cut into tablespoon-size pieces", "unit": 4}, "model": "kitchen.item", "pk": 13}, {"fields": {"category": "unknown", "name": "salt", "unit": 2}, "model": "kitchen.item", "pk": 14}, {"fields": {"category": "unknown", "name": "ice water", "unit": 1}, "model": "kitchen.item", "pk": 15}, {"fields": {"category": "unknown", "name": "cider vinegar", "unit": 1}, "model": "kitchen.item", "pk": 16}, {"fields": {"category": "unknown", "name": "unsalted butter", "unit": 4}, "model": "kitchen.item", "pk": 17}, {"fields": {"category": "unknown", "name": "water", "unit": 4}, "model": "kitchen.item", "pk": 18}, {"fields": {"category": "unknown", "name": "white sugar", "unit": 4}, "model": "kitchen.item", "pk": 19}, {"fields": {"category": "unknown", "name": "packed brown sugar", "unit": 4}, "model": "kitchen.item", "pk": 20}, {"fields": {"category": "unknown", "name": "Granny Smith apples - peeled, cored and sliced", "unit": 3}, "model": "kitchen.item", "pk": 21}, {"fields": {"category": "unknown", "name": "(12 ounce) bag fresh or frozen cranberries", "unit": 3}, "model": "kitchen.item", "pk": 22}, {"fields": {"category": "unknown", "name": "cake flour", "unit": 4}, "model": "kitchen.item", "pk": 23}, {"fields": {"category": "unknown", "name": "baking soda", "unit": 2}, "model": "kitchen.item", "pk": 24}, {"fields": {"category": "unknown", "name": "unsalted butter, softened", "unit": 1}, "model": "kitchen.item", "pk": 25}, {"fields": {"category": "unknown", "name": "vanilla extract", "unit": 2}, "model": "kitchen.item", "pk": 26}, {"fields": {"category": "unknown", "name": "sour cream", "unit": 4}, "model": "kitchen.item", "pk": 27}, {"fields": {"category": "unknown", "name": "egg white", "unit": 3}, "model": "kitchen.item", "pk": 28}, {"fields": {"category": "unknown", "name": "(8 ounce) package cream cheese, softened", "unit": 3}, "model": "kitchen.item", "pk": 29}, {"fields": {"category": "unknown", "name": "(9-inch) prepared graham cracker crust", "unit": 3}, "model": "kitchen.item", "pk": 30}, {"fields": {"category": "unknown", "name": "pumpkin puree", "unit": 4}, "model": "kitchen.item", "pk": 31}, {"fields": {"category": "unknown", "name": "ground cloves", "unit": 2}, "model": "kitchen.item", "pk": 32}, {"fields": {"category": "bulk", "name": "ground nutmeg", "unit": 2}, "model": "kitchen.item", "pk": 33}, {"fields": {"category": "unknown", "name": "frozen whipped topping, thawed", "unit": 4}, "model": "kitchen.item", "pk": 34}, {"fields": {"category": "unknown", "name": "finely ground graham cracker crumbs", "unit": 4}, "model": "kitchen.item", "pk": 35}, {"fields": {"category": "dairy", "name": "unsalted butter, melted", "unit": 1}, "model": "kitchen.item", "pk": 36}, {"fields": {"source": "http://allrecipes.com/Recipe/Chef-Johns-Pumpkin-Pie/Detail.aspx?evt19=1", "lcm": 1.0, "name": "Chef John's Pumpkin Pie", "text": "Preheat oven to 425 degrees F (220 degrees C).\r\n\r\nWhisk together pumpkin puree, egg yolks, and egg in a large bowl until smooth. Add sweetened condensed milk, cinnamon, ginger, salt, nutmeg, and Chinese 5-spice powder; whisk until thoroughly combined.\r\n\r\nFit pie crust in a 9-inch pie plate and crimp edges.\r\n\r\nPour filling into the pie shell and lightly tap on the work surface to release any air bubbles.\r\n\r\nBake in the preheated oven for 15 minutes. Reduce heat to 350 degrees F (175 degrees C) and bake until just set in the middle, 30 to 40 minutes. A paring knife inserted into the filling, 1 inch from the crust, should come out clean. Allow to cool completely before serving.\r\n"}, "model": "kitchen.recipe", "pk": 1}, {"fields": {"source": "http://allrecipes.com/Recipe/Easy-Homemade-Pie-Crust/Detail.aspx", "lcm": 0.5, "name": "Easy Homemade Pie Crust", "text": "Combine flour, salt, and butter in a food processor. Pulse until mixture resembles coarse crumbs, about 10 1-second pulses.\r\n\r\nStir water and vinegar in a small bowl.\r\n\r\nPour half the ice water and vinegar mixture into the flour and butter mixture. Pulse to combine, about 3 (1-second) pulses. Pour in remaining ice water and vinegar mixture. Pulse until mixture just starts to come together, about 8 (1-second) pulses.\r\n\r\nTurn dough out onto a wooden surface, pat into round shape and divide in half. Form each half into a disc about 5 inches wide.\r\n\r\nWrap each disc in plastic wrap and refrigerate for at least 30 minutes until ready to use.\r\n"}, "model": "kitchen.recipe", "pk": 2}, {"fields": {"source": "http://allrecipes.com/Recipe/Apple-Pie-by-Grandma-Ople/Detail.aspx?nextItemId=12682&position=0&prop24=RD_RecipeArrow_Left", "lcm": 1.0, "name": "Apple Pie by Grandma Ople", "text": "Preheat oven to 425 degrees F (220 degrees C). Melt the butter in a saucepan. Stir in flour to form a paste. Add water, white sugar and brown sugar, and bring to a boil. Reduce temperature and let simmer.\r\n\r\nPlace the bottom crust in your pan. Fill with apples, mounded slightly. Cover with a lattice work crust. \r\nGently pour the sugar and butter liquid over the crust. Pour slowly so that it does not run off.\r\n\r\nBake 15 minutes in the preheated oven. Reduce the temperature to 350 degrees F (175 degrees C). Continue baking for 35 to 45 minutes, until apples are soft.\r\n"}, "model": "kitchen.recipe", "pk": 3}, {"fields": {"source": "http://allrecipes.com/Recipe/Cranberry-Upside-Down-Sour-Cream-Cake/Detail.aspx?event8=1&prop24=SR_Title&e11=cranberry%20upsidedown%20cake&e8=Quick%20Search&event10=1&e7=Recipe&soid=sr_results_p1i3", "lcm": 1.0, "name": "Cranberry Upside-Down Sour Cream Cake", "text": "1.Preheat the oven to 350 degrees F (175 degrees C). Generously grease a 9 inch springform pan. Wrap aluminum foil around the outside of the bottom to prevent leaking.\r\n2.Melt the butter in a saucepan over medium heat. Stir in 1 1/2 cups of white sugar, water and cinnamon until sugar has dissolved. Bring to a boil and then add the cranberries. Stir to coat with the sauce, then pour into the prepared pan.\r\n3.Sift together the flour, baking soda and salt; set aside. In a medium bowl, beat the remaining 6 tablespoons of butter with 1/2 cup white sugar and brown sugar until light and fluffy. Mix in the eggs one at a time, beating well after each addition. Stir in vanilla and sour cream. Mix in the dry ingredients. Pour the batter over the cranberries in the pan.\r\n4.Bake for about 50 minutes in the preheated oven, or until a knife inserted into the center comes out clean. Cool on a rack for 10 minutes, then run a knife around the outer edge. Invert onto a serving plate and remove the springform pan.\r\n"}, "model": "kitchen.recipe", "pk": 4}, {"fields": {"source": "", "lcm": 1.0, "name": "unsalted butter -> unsalted butter, softened", "text": ""}, "model": "kitchen.recipe", "pk": 5}, {"fields": {"source": "", "lcm": 1.0, "name": "unsalted butter -> unsalted butter - chilled, cut into tablespoon-size pieces", "text": ""}, "model": "kitchen.recipe", "pk": 6}, {"fields": {"source": "", "lcm": 1.0, "name": "large egg -> egg yolk and egg white", "text": ""}, "model": "kitchen.recipe", "pk": 7}, {"fields": {"source": "", "lcm": 1.0, "name": "salt -> fine salt", "text": ""}, "model": "kitchen.recipe", "pk": 8}, {"fields": {"source": "http://allrecipes.com/Recipe/Double-Layer-Pumpkin-Cheesecake-2/Detail.aspx?event8=1&prop24=SR_Thumb&e11=pumpkin%20cheesecake&e8=Quick%20Search&event10=1&e7=Recipe&soid=sr_results_p1i2", "lcm": 1.0, "name": "Double Layer Pumpkin Cheesecake", "text": "1.Preheat oven to 325 degrees F (165 degrees C).\r\n2.In a large bowl, combine cream cheese, sugar and vanilla. Beat until smooth. Blend in eggs one at a time. Remove 1 cup of batter and spread into bottom of crust; set aside.\r\n3.Add pumpkin, cinnamon, cloves and nutmeg to the remaining batter and stir gently until well blended. Carefully spread over the batter in the crust.\r\n4.Bake in preheated oven for 35 to 40 minutes, or until center is almost set. Allow to cool, then refrigerate for 3 hours or overnight. Cover with whipped topping before serving.\r\n"}, "model": "kitchen.recipe", "pk": 9}, {"fields": {"source": "http://allrecipes.com/Recipe/Graham-Cracker-Crust-I/Detail.aspx?event8=1&prop24=SR_Thumb&e11=graham%20cracker%20crust&e8=Quick%20Search&event10=1&e7=Recipe&soid=sr_results_p1i1", "lcm": 1.0, "name": "Graham Cracker Crust I", "text": "1.Mix graham cracker crumbs, sugar, melted butter or margarine, and cinnamon until well blended . Press mixture into an 8 or 9 inch pie plate.\r\n2.Bake at 375 degrees F (190 degrees C) for 7 minutes. Cool. If recipe calls for unbaked pie shell, just chill for about 1 hour.\r\n"}, "model": "kitchen.recipe", "pk": 10}, {"fields": {"source": "", "lcm": 1.0, "name": "unsalted butter -> unsalted butter, melted", "text": ""}, "model": "kitchen.recipe", "pk": 11}, {"fields": {"amount": 1.0, "recipe": 1}, "model": "kitchen.recipeorder", "pk": 1}, {"fields": {"amount": 1.0, "recipe": 3}, "model": "kitchen.recipeorder", "pk": 2}, {"fields": {"amount": 1.5, "recipe": 2}, "model": "kitchen.recipeorder", "pk": 3}, {"fields": {"amount": 1.0, "recipe": 4}, "model": "kitchen.recipeorder", "pk": 4}, {"fields": {"amount": 6.0, "recipe": 5}, "model": "kitchen.recipeorder", "pk": 5}, {"fields": {"amount": 24.0, "recipe": 6}, "model": "kitchen.recipeorder", "pk": 6}, {"fields": {"amount": 3.0, "recipe": 7}, "model": "kitchen.recipeorder", "pk": 7}, {"fields": {"amount": 8.0, "recipe": 8}, "model": "kitchen.recipeorder", "pk": 8}, {"fields": {"amount": 1.0, "recipe": 9}, "model": "kitchen.recipeorder", "pk": 9}, {"fields": {"amount": 1.0, "recipe": 10}, "model": "kitchen.recipeorder", "pk": 10}, {"fields": {"amount": 6.0, "recipe": 11}, "model": "kitchen.recipeorder", "pk": 11}, {"fields": {"item": 1, "amount": 1.0, "recipe": 1, "optional": false, "unit": 3}, "model": "kitchen.ingredient", "pk": 1}, {"fields": {"item": 3, "amount": 3.0, "recipe": 1, "optional": false, "unit": 3}, "model": "kitchen.ingredient", "pk": 2}, {"fields": {"item": 4, "amount": 1.0, "recipe": 1, "optional": false, "unit": 3}, "model": "kitchen.ingredient", "pk": 3}, {"fields": {"item": 5, "amount": 1.0, "recipe": 1, "optional": false, "unit": 3}, "model": "kitchen.ingredient", "pk": 4}, {"fields": {"item": 6, "amount": 1.0, "recipe": 1, "optional": false, "unit": 2}, "model": "kitchen.ingredient", "pk": 5}, {"fields": {"item": 7, "amount": 0.5, "recipe": 1, "optional": false, "unit": 2}, "model": "kitchen.ingredient", "pk": 6}, {"fields": {"item": 8, "amount": 0.5, "recipe": 1, "optional": false, "unit": 2}, "model": "kitchen.ingredient", "pk": 7}, {"fields": {"item": 9, "amount": 0.25, "recipe": 1, "optional": false, "unit": 2}, "model": "kitchen.ingredient", "pk": 8}, {"fields": {"item": 10, "amount": 0.125, "recipe": 1, "optional": false, "unit": 2}, "model": "kitchen.ingredient", "pk": 9}, {"fields": {"item": 11, "amount": 1.0, "recipe": 1, "optional": false, "unit": 3}, "model": "kitchen.ingredient", "pk": 10}, {"fields": {"item": 12, "amount": 2.5, "recipe": 2, "optional": false, "unit": 4}, "model": "kitchen.ingredient", "pk": 11}, {"fields": {"item": 13, "amount": 1.0, "recipe": 2, "optional": false, "unit": 4}, "model": "kitchen.ingredient", "pk": 12}, {"fields": {"item": 14, "amount": 0.5, "recipe": 2, "optional": false, "unit": 2}, "model": "kitchen.ingredient", "pk": 13}, {"fields": {"item": 15, "amount": 7.0, "recipe": 2, "optional": false, "unit": 1}, "model": "kitchen.ingredient", "pk": 14}, {"fields": {"item": 16, "amount": 1.0, "recipe": 2, "optional": false, "unit": 1}, "model": "kitchen.ingredient", "pk": 15}, {"fields": {"item": 11, "amount": -2.0, "recipe": 2, "optional": false, "unit": 3}, "model": "kitchen.ingredient", "pk": 16}, {"fields": {"item": 11, "amount": 2.0, "recipe": 3, "optional": false, "unit": 3}, "model": "kitchen.ingredient", "pk": 17}, {"fields": {"item": 17, "amount": 0.5, "recipe": 3, "optional": false, "unit": 4}, "model": "kitchen.ingredient", "pk": 18}, {"fields": {"item": 12, "amount": 3.0, "recipe": 3, "optional": false, "unit": 1}, "model": "kitchen.ingredient", "pk": 19}, {"fields": {"item": 18, "amount": 0.25, "recipe": 3, "optional": false, "unit": 4}, "model": "kitchen.ingredient", "pk": 20}, {"fields": {"item": 19, "amount": 0.5, "recipe": 3, "optional": false, "unit": 4}, "model": "kitchen.ingredient", "pk": 21}, {"fields": {"item": 20, "amount": 0.5, "recipe": 3, "optional": false, "unit": 4}, "model": "kitchen.ingredient", "pk": 22}, {"fields": {"item": 21, "amount": 8.0, "recipe": 3, "optional": false, "unit": 3}, "model": "kitchen.ingredient", "pk": 23}, {"fields": {"item": 17, "amount": 0.5, "recipe": 4, "optional": false, "unit": 4}, "model": "kitchen.ingredient", "pk": 24}, {"fields": {"item": 19, "amount": 2.0, "recipe": 4, "optional": false, "unit": 4}, "model": "kitchen.ingredient", "pk": 25}, {"fields": {"item": 18, "amount": 2.0, "recipe": 4, "optional": false, "unit": 1}, "model": "kitchen.ingredient", "pk": 26}, {"fields": {"item": 6, "amount": 1.0, "recipe": 4, "optional": false, "unit": 2}, "model": "kitchen.ingredient", "pk": 27}, {"fields": {"item": 22, "amount": 1.0, "recipe": 4, "optional": false, "unit": 3}, "model": "kitchen.ingredient", "pk": 28}, {"fields": {"item": 23, "amount": 1.5, "recipe": 4, "optional": false, "unit": 4}, "model": "kitchen.ingredient", "pk": 29}, {"fields": {"item": 24, "amount": 0.5, "recipe": 4, "optional": false, "unit": 2}, "model": "kitchen.ingredient", "pk": 30}, {"fields": {"item": 14, "amount": 0.5, "recipe": 4, "optional": false, "unit": 2}, "model": "kitchen.ingredient", "pk": 31}, {"fields": {"item": 25, "amount": 6.0, "recipe": 4, "optional": false, "unit": 1}, "model": "kitchen.ingredient", "pk": 32}, {"fields": {"item": 19, "amount": 0.5, "recipe": 4, "optional": false, "unit": 4}, "model": "kitchen.ingredient", "pk": 33}, {"fields": {"item": 20, "amount": 0.5, "recipe": 4, "optional": false, "unit": 4}, "model": "kitchen.ingredient", "pk": 34}, {"fields": {"item": 4, "amount": 2.0, "recipe": 4, "optional": false, "unit": 3}, "model": "kitchen.ingredient", "pk": 35}, {"fields": {"item": 26, "amount": 1.0, "recipe": 4, "optional": false, "unit": 2}, "model": "kitchen.ingredient", "pk": 36}, {"fields": {"item": 27, "amount": 0.75, "recipe": 4, "optional": false, "unit": 4}, "model": "kitchen.ingredient", "pk": 37}, {"fields": {"item": 17, "amount": 1.0, "recipe": 5, "optional": false, "unit": 1}, "model": "kitchen.ingredient", "pk": 38}, {"fields": {"item": 25, "amount": -1.0, "recipe": 5, "optional": false, "unit": 1}, "model": "kitchen.ingredient", "pk": 39}, {"fields": {"item": 17, "amount": 1.0, "recipe": 6, "optional": false, "unit": 1}, "model": "kitchen.ingredient", "pk": 40}, {"fields": {"item": 13, "amount": -1.0, "recipe": 6, "optional": false, "unit": 1}, "model": "kitchen.ingredient", "pk": 41}, {"fields": {"item": 4, "amount": 1.0, "recipe": 7, "optional": false, "unit": 3}, "model": "kitchen.ingredient", "pk": 42}, {"fields": {"item": 3, "amount": -1.0, "recipe": 7, "optional": false, "unit": 3}, "model": "kitchen.ingredient", "pk": 43}, {"fields": {"item": 28, "amount": -1.0, "recipe": 7, "optional": false, "unit": 3}, "model": "kitchen.ingredient", "pk": 44}, {"fields": {"item": 14, "amount": 0.0625, "recipe": 8, "optional": false, "unit": 2}, "model": "kitchen.ingredient", "pk": 45}, {"fields": {"item": 8, "amount": -0.0625, "recipe": 8, "optional": false, "unit": 2}, "model": "kitchen.ingredient", "pk": 46}, {"fields": {"item": 29, "amount": 2.0, "recipe": 9, "optional": false, "unit": 3}, "model": "kitchen.ingredient", "pk": 47}, {"fields": {"item": 19, "amount": 0.5, "recipe": 9, "optional": false, "unit": 4}, "model": "kitchen.ingredient", "pk": 48}, {"fields": {"item": 26, "amount": 0.5, "recipe": 9, "optional": false, "unit": 2}, "model": "kitchen.ingredient", "pk": 49}, {"fields": {"item": 4, "amount": 2.0, "recipe": 9, "optional": false, "unit": 3}, "model": "kitchen.ingredient", "pk": 50}, {"fields": {"item": 30, "amount": 1.0, "recipe": 9, "optional": false, "unit": 3}, "model": "kitchen.ingredient", "pk": 51}, {"fields": {"item": 31, "amount": 0.5, "recipe": 9, "optional": false, "unit": 4}, "model": "kitchen.ingredient", "pk": 52}, {"fields": {"item": 6, "amount": 0.5, "recipe": 9, "optional": false, "unit": 2}, "model": "kitchen.ingredient", "pk": 53}, {"fields": {"item": 32, "amount": 0.125, "recipe": 9, "optional": false, "unit": 2}, "model": "kitchen.ingredient", "pk": 54}, {"fields": {"item": 33, "amount": 0.125, "recipe": 9, "optional": false, "unit": 2}, "model": "kitchen.ingredient", "pk": 55}, {"fields": {"item": 34, "amount": 0.5, "recipe": 9, "optional": true, "unit": 4}, "model": "kitchen.ingredient", "pk": 56}, {"fields": {"item": 35, "amount": 1.5, "recipe": 10, "optional": false, "unit": 4}, "model": "kitchen.ingredient", "pk": 57}, {"fields": {"item": 19, "amount": 0.333, "recipe": 10, "optional": false, "unit": 4}, "model": "kitchen.ingredient", "pk": 58}, {"fields": {"item": 36, "amount": 6.0, "recipe": 10, "optional": false, "unit": 1}, "model": "kitchen.ingredient", "pk": 59}, {"fields": {"item": 6, "amount": 0.5, "recipe": 10, "optional": true, "unit": 2}, "model": "kitchen.ingredient", "pk": 60}, {"fields": {"item": 30, "amount": -1.0, "recipe": 10, "optional": false, "unit": 3}, "model": "kitchen.ingredient", "pk": 61}, {"fields": {"item": 17, "amount": 1.0, "recipe": 11, "optional": false, "unit": 1}, "model": "kitchen.ingredient", "pk": 62}, {"fields": {"item": 36, "amount": -1.0, "recipe": 11, "optional": false, "unit": 1}, "model": "kitchen.ingredient", "pk": 63}]