[{"fields": {"name2": "Bhubaneswari", "name1": "Parida"}, "model": "lit.author", "pk": 1}, {"fields": {"name2": "S", "name1": "Iniyan"}, "model": "lit.author", "pk": 2}, {"fields": {"name2": "Ranko", "name1": "Goic"}, "model": "lit.author", "pk": 3}, {"fields": {"name2": "Kevin", "name1": "Drost"}, "model": "lit.author", "pk": 4}, {"fields": {"name2": "S.V.", "name1": "Apte"}, "model": "lit.author", "pk": 5}, {"fields": {"name2": "J.", "name1": "Schmitt"}, "model": "lit.author", "pk": 6}, {"fields": {"name2": "V.", "name1": "Narayanan"}, "model": "lit.author", "pk": 7}, {"fields": {"name2": "B.", "name1": "Eilers"}, "model": "lit.author", "pk": 8}, {"fields": {"name2": "D.", "name1": "Peterson"}, "model": "lit.author", "pk": 9}, {"fields": {"name2": "V.", "name1": "Narayanan"}, "model": "lit.author", "pk": 10}, {"fields": {"name2": "M.", "name1": "Martin"}, "model": "lit.author", "pk": 11}, {"fields": {"name2": "C.", "name1": "Patton"}, "model": "lit.author", "pk": 12}, {"fields": {"name2": "A.", "name1": "Siu-Ho"}, "model": "lit.author", "pk": 13}, {"fields": {"name2": "W.", "name1": "Qu"}, "model": "lit.author", "pk": 14}, {"fields": {"name2": "F.", "name1": "Pfefferkorn"}, "model": "lit.author", "pk": 15}, {"fields": {"name2": "Y.", "name1": "Peles"}, "model": "lit.author", "pk": 16}, {"fields": {"name2": "A.", "name1": "Kosar"}, "model": "lit.author", "pk": 17}, {"fields": {"name2": "C.", "name1": "Mishra"}, "model": "lit.author", "pk": 18}, {"fields": {"name2": "C.J.", "name1": "Kuo"}, "model": "lit.author", "pk": 19}, {"fields": {"name2": "B.", "name1": "Schneider"}, "model": "lit.author", "pk": 20}, {"fields": {"name2": "K.A.", "name1": "Moores"}, "model": "lit.author", "pk": 21}, {"fields": {"name2": "J.", "name1": "Kim"}, "model": "lit.author", "pk": 22}, {"fields": {"name2": "Y.K.", "name1": "Joshi"}, "model": "lit.author", "pk": 23}, {"fields": {"name2": "B.", "name1": "Palm"}, "model": "lit.author", "pk": 24}, {"fields": {"name2": "A.", "name1": "Kosar"}, "model": "lit.author", "pk": 25}, {"fields": {"name2": "C.", "name1": "Mishra"}, "model": "lit.author", "pk": 26}, {"fields": {"name2": "Y.", "name1": "Peles"}, "model": "lit.author", "pk": 27}, {"fields": {"name2": "H.H.", "name1": "Bau"}, "model": "lit.author", "pk": 28}, {"fields": {"name2": "D.", "name1": "Pence"}, "model": "lit.author", "pk": 29}, {"fields": {"name2": "A.", "name1": "Fenghour"}, "model": "lit.author", "pk": 30}, {"fields": {"name2": "W.A.", "name1": "Wakeham"}, "model": "lit.author", "pk": 31}, {"fields": {"name2": "V.", "name1": "Vesovic"}, "model": "lit.author", "pk": 32}, {"fields": {"name2": "A.", "name1": "Kosar"}, "model": "lit.author", "pk": 33}, {"fields": {"name2": "Y.", "name1": "Peles"}, "model": "lit.author", "pk": 34}, {"fields": {"name2": "R.", "name1": "Cullion"}, "model": "lit.author", "pk": 35}, {"fields": {"name2": "D.", "name1": "Pence"}, "model": "lit.author", "pk": 36}, {"fields": {"name2": "J.", "name1": "Liburdy"}, "model": "lit.author", "pk": 37}, {"fields": {"name2": "W.", "name1": "Qu"}, "model": "lit.author", "pk": 38}, {"fields": {"name2": "I.", "name1": "Mudawar"}, "model": "lit.author", "pk": 39}, {"fields": {"name2": "S.Y.", "name1": "Lee"}, "model": "lit.author", "pk": 40}, {"fields": {"name2": "S.T.},", "name1": "Wereley"}, "model": "lit.author", "pk": 41}, {"fields": {"name2": "R.", "name1": "Span"}, "model": "lit.author", "pk": 42}, {"fields": {"name2": "W.", "name1": "Wagner"}, "model": "lit.author", "pk": 43}, {"fields": {"name2": "M.K.", "name1": "Sung"}, "model": "lit.author", "pk": 44}, {"fields": {"name2": "I.", "name1": "Mudawar"}, "model": "lit.author", "pk": 45}, {"fields": {"name2": "D.B.", "name1": "Tuckerman"}, "model": "lit.author", "pk": 46}, {"fields": {"name2": "RFW", "name1": "Pease"}, "model": "lit.author", "pk": 47}, {"fields": {"name2": "V.", "name1": "Vesovic"}, "model": "lit.author", "pk": 48}, {"fields": {"name2": "WA", "name1": "Wakeham"}, "model": "lit.author", "pk": 49}, {"fields": {"name2": "GA", "name1": "Olchowy"}, "model": "lit.author", "pk": 50}, {"fields": {"name2": "JV", "name1": "Sengers"}, "model": "lit.author", "pk": 51}, {"fields": {"name2": "JTR", "name1": "Watson"}, "model": "lit.author", "pk": 52}, {"fields": {"name2": "J.", "name1": "Millat"}, "model": "lit.author", "pk": 53}, {"fields": {"name2": "AK", "name1": "Saha"}, "model": "lit.author", "pk": 54}, {"fields": {"name2": "S.", "name1": "Acharya"}, "model": "lit.author", "pk": 55}, {"fields": {"name2": "K.T.", "name1": "Chiang"}, "model": "lit.author", "pk": 56}, {"fields": {"name2": "F.P.", "name1": "Chang"}, "model": "lit.author", "pk": 57}, {"fields": {"name2": "T.C.", "name1": "Tsai"}, "model": "lit.author", "pk": 58}, {"fields": {"name2": "N.", "name1": "Sahiti"}, "model": "lit.author", "pk": 59}, {"fields": {"name2": "A.", "name1": "Lemouedda"}, "model": "lit.author", "pk": 60}, {"fields": {"name2": "D.", "name1": "Stojkovic"}, "model": "lit.author", "pk": 61}, {"fields": {"name2": "F.", "name1": "Durst"}, "model": "lit.author", "pk": 62}, {"fields": {"name2": "E.", "name1": "Franz"}, "model": "lit.author", "pk": 63}, {"fields": {"name2": "O.", "name1": "Posdziech"}, "model": "lit.author", "pk": 64}, {"fields": {"name2": "R.", "name1": "Grundmann"}, "model": "lit.author", "pk": 65}, {"fields": {"name2": "S.W.C.H.", "name1": "Lee"}, "model": "lit.author", "pk": 66}, {"fields": {"name2": "W.", "name1": "Qu"}, "model": "lit.author", "pk": 67}, {"fields": {"name2": "W.", "name1": "Qu"}, "model": "lit.author", "pk": 68}, {"fields": {"name2": "A.", "name1": "Siu-Ho"}, "model": "lit.author", "pk": 69}, {"fields": {"name2": "W.", "name1": "Qu"}, "model": "lit.author", "pk": 70}, {"fields": {"name2": "A.", "name1": "Siu-Ho"}, "model": "lit.author", "pk": 71}, {"fields": {"name2": "E.G.", "name1": "Feher"}, "model": "lit.author", "pk": 72}, {"fields": {"name2": "M.", "name1": "Romero"}, "model": "lit.author", "pk": 73}, {"fields": {"name2": "R.", "name1": "Buck"}, "model": "lit.author", "pk": 74}, {"fields": {"name2": "J.E.", "name1": "Pacheco"}, "model": "lit.author", "pk": 75}, {"fields": {"name2": "", "name1": "Frank M. White"}, "model": "lit.author", "pk": 76}, {"fields": {"name2": "Frank P.", "name1": "Incropera"}, "model": "lit.author", "pk": 77}, {"fields": {"name2": "David P.", "name1": "DeWitt"}, "model": "lit.author", "pk": 78}, {"fields": {"name2": "", "name1": "Bergman,Theodore L."}, "model": "lit.author", "pk": 79}, {"fields": {"name2": "Adrienne S.", "name1": "Lavine"}, "model": "lit.author", "pk": 80}, {"fields": {"name2": "R. K.", "name1": "Shah"}, "model": "lit.author", "pk": 81}, {"fields": {"name2": "A. L.", "name1": "London"}, "model": "lit.author", "pk": 82}, {"fields": {"name2": "Gregory J", "name1": "Kolb"}, "model": "lit.author", "pk": 83}, {"fields": {"name2": "Gary E.", "name1": "Rochau"}, "model": "lit.author", "pk": 84}, {"fields": {"name2": "Sourabh V", "name1": "Apte"}, "model": "lit.author", "pk": 86}, {"fields": {"name2": "Vinod", "name1": "Narayanan"}, "model": "lit.author", "pk": 87}, {"fields": {"name2": "", "name1": "Dynalene"}, "model": "lit.author", "pk": 88}, {"fields": {"name2": "Charles J", "name1": "Rymal"}, "model": "lit.author", "pk": 89}, {"fields": {"name2": "", "name1": "Haynes"}, "model": "lit.author", "pk": 90}, {"fields": {"name2": "", "name1": "Tempil"}, "model": "lit.author", "pk": 91}, {"fields": {"name2": "Nathan P", "name1": "Siegel"}, "model": "lit.author", "pk": 92}, {"fields": {"name2": "Clifford K", "name1": "Ho"}, "model": "lit.author", "pk": 93}, {"fields": {"name2": "Siri S", "name1": "Khalsa"}, "model": "lit.author", "pk": 94}, {"fields": {"name2": "Gregory J", "name1": "Kolb"}, "model": "lit.author", "pk": 95}, {"fields": {"name2": "Antonio L,", "name1": "Avila-Marn"}, "model": "lit.author", "pk": 96}, {"fields": {"name2": "Anthony", "name1": "Bedford"}, "model": "lit.author", "pk": 97}, {"fields": {"name2": "Kenneth M.", "name1": "Liechti"}, "model": "lit.author", "pk": 98}, {"fields": {"name2": "", "name1": "U.S. Department of Energy"}, "model": "lit.author", "pk": 99}, {"fields": {"name2": "Bhubaneswari", "name1": "Parida"}, "model": "lit.author", "pk": 100}, {"fields": {"name2": "S", "name1": "Iniyan"}, "model": "lit.author", "pk": 101}, {"fields": {"name2": "Ranko", "name1": "Goic"}, "model": "lit.author", "pk": 102}, {"fields": {"name": "article"}, "model": "lit.type", "pk": 1}, {"fields": {"name": "book"}, "model": "lit.type", "pk": 2}, {"fields": {"name": "misc"}, "model": "lit.type", "pk": 3}, {"fields": {"name": "inproceedings"}, "model": "lit.type", "pk": 4}, {"fields": {"name": "PV"}, "model": "lit.tag", "pk": 1}, {"fields": {"name": "solid material"}, "model": "lit.tag", "pk": 2}, {"fields": {"name": "solar power"}, "model": "lit.tag", "pk": 3}, {"fields": {"name": "fluids"}, "model": "lit.tag", "pk": 4}, {"fields": {"_type": null, "code": "parida2011review", "tags": [1], "title": "A review of solar photovoltaic technologies", "bib": "@article{parida2011review,\r\n  title={A review of solar photovoltaic technologies},\r\n  author={Parida, Bhubaneswari and Iniyan, S and Goic, Ranko},\r\n  journal={Renewable and sustainable energy reviews},\r\n  volume={15},\r\n  number={3},\r\n  pages={1625--1636},\r\n  year={2011},\r\n  publisher={Elsevier}\r\n}", "authors": [1, 2, 3]}, "model": "lit.publication", "pk": 1}, {"fields": {"_type": null, "code": null, "tags": [], "title": "  title={DESIGN OF A MICROCHANNEL BASED SOLAR RECEIVER/REACTOR FOR BIOFUEL PROCESSING},", "bib": "@article{0008,\r\n  title={DESIGN OF A MICROCHANNEL BASED SOLAR RECEIVER/REACTOR FOR BIOFUEL PROCESSING},\r\n  author={Drost, K. and Apte, S.V. and Schmitt, J. and Narayanan, V.}\r\n}\r\n", "authors": [4, 5, 6, 7]}, "model": "lit.publication", "pk": 2}, {"fields": {"_type": 4, "code": "0009", "tags": [], "title": "Detailed numerical modeling of a microchannel reactor for methane-steam reforming", "bib": "@inproceedings{0009,\r\n  title={Detailed numerical modeling of a microchannel reactor for methane-steam reforming},\r\n  author={Drost, K. and Eilers, B. and Peterson, D. and Apte, S.V. and Narayanan, V. and Schmitt, J.},\r\n  booktitle={AJTEC2011-44664, Proceedings of the ASME/JSME 2011 8th Thermal Engineering Joint Conference, Honolulu, Hawaii, USA},\r\n  year={2011}\r\n}\r\n", "authors": [4, 5, 6, 7, 8, 9]}, "model": "lit.publication", "pk": 3}, {"fields": {"_type": 1, "code": "0010", "tags": [], "title": "Direct simulation based model-predictive control of flow maldistribution in parallel microchannels", "bib": "@article{0010,\r\n title={Direct simulation based model-predictive control of flow maldistribution in parallel microchannels},\r\n author={Martin, M. and Patton, C. and Schmitt, J. and Apte, S.V.},\r\n journal={Journal of Fluids Engineering},\r\n volume={131},\r\n number={11},\r\n pages={111201},\r\n year={2009}\r\n}\r\n", "authors": [5, 6, 11, 12]}, "model": "lit.publication", "pk": 4}, {"fields": {"_type": null, "code": null, "tags": [], "title": "  title={Experimental study of pressure drop and heat transfer in a single-phase micropin-fin heat sink},", "bib": "@article{0011,\r\n  title={Experimental study of pressure drop and heat transfer in a single-phase micropin-fin heat sink},\r\n  author={Siu-Ho, A. and Qu, W. and Pfefferkorn, F.},\r\n  journal={Transactions-Americal Society of Mechanical Engineers Journal of Electronic Packaging},\r\n  volume={129},\r\n  number={4},\r\n  pages={479},\r\n  year={2007},\r\n  publisher={Americal Society of Mechanical Engineers}\r\n}\r\n", "authors": []}, "model": "lit.publication", "pk": 5}, {"fields": {"_type": null, "code": null, "tags": [], "title": "  title={Forced convective heat transfer across a pin fin micro heat sink},", "bib": "@article{0012,\r\n  title={Forced convective heat transfer across a pin fin micro heat sink},\r\n  author={Peles, Y. and Ko{\\c{s}}ar, A. and Mishra, C. and Kuo, C.J. and Schneider, B.},\r\n  journal={International Journal of Heat and Mass Transfer},\r\n  volume={48},\r\n  number={17},\r\n  pages={3615--3627},\r\n  year={2005},\r\n  publisher={Elsevier}\r\n}\r\n", "authors": []}, "model": "lit.publication", "pk": 6}, {"fields": {"_type": null, "code": null, "tags": [], "title": "  title={Heat transfer and fluid flow in shrouded pin fin arrays with and without tip clearance},", "bib": "@article{0013,\r\n  title={Heat transfer and fluid flow in shrouded pin fin arrays with and without tip clearance},\r\n  author={Moores, K.A. and Kim, J. and Joshi, Y.K.},\r\n  journal={International Journal of Heat and Mass Transfer},\r\n  volume={52},\r\n  number={25},\r\n  pages={5978--5989},\r\n  year={2009},\r\n  publisher={Elsevier}\r\n}\r\n", "authors": []}, "model": "lit.publication", "pk": 7}, {"fields": {"_type": null, "code": null, "tags": [], "title": "  title={Heat transfer in microchannels},", "bib": "@article{0014,\r\n  title={Heat transfer in microchannels},\r\n  author={Palm, B.},\r\n  journal={Microscale Thermophysical Engineering},\r\n  volume={5},\r\n  number={3},\r\n  pages={155--175},\r\n  year={2001},\r\n  publisher={Taylor \\& Francis}\r\n}\r\n", "authors": []}, "model": "lit.publication", "pk": 8}, {"fields": {"_type": null, "code": null, "tags": [], "title": "  title={Laminar flow across a bank of low aspect ratio micro pin fins},", "bib": "@article{0015,\r\n  title={Laminar flow across a bank of low aspect ratio micro pin fins},\r\n  author={Kosar, A. and Mishra, C. and Peles, Y.},\r\n  journal={Transactions of the ASME-I-Journal of Fluids Engineering},\r\n  volume={127},\r\n  number={3},\r\n  pages={419--430},\r\n  year={2005},\r\n  publisher={New York, NY: American Society of Mechanical Engineers, c1973-}\r\n}\r\n", "authors": []}, "model": "lit.publication", "pk": 9}, {"fields": {"_type": null, "code": null, "tags": [], "title": "  title={Numerical Modeling of Mini/Microchannel Reactor for Methane-Steam Reforming},", "bib": "@inproceedings{0016,\r\n  title={Numerical Modeling of Mini/Microchannel Reactor for Methane-Steam Reforming},\r\n  author={Peterson, D. and Apte, S.V. and Narayanan, V. and Schmitt, J.},\r\n  booktitle={Proceedings of the ASME 2010 Fluids Engineering Summer Meeting, Montreal, Quebec, Canada},\r\n  year={2010}\r\n}\r\n", "authors": []}, "model": "lit.publication", "pk": 10}, {"fields": {"_type": null, "code": null, "tags": [], "title": "  title={Optimization of conduits' shape in micro heat exchangers},", "bib": "@article{0017,\r\n  title={Optimization of conduits' shape in micro heat exchangers},\r\n  author={Bau, H.H.},\r\n  journal={International journal of heat and mass transfer},\r\n  volume={41},\r\n  number={18},\r\n  pages={2717--2723},\r\n  year={1998},\r\n  publisher={Elsevier}\r\n}\r\n", "authors": []}, "model": "lit.publication", "pk": 11}, {"fields": {"_type": null, "code": null, "tags": [], "title": "  title={Reduced pumping power and wall temperature in microchannel heat sinks with fractal-like branching channel networks},", "bib": "@article{0018,\r\n  title={Reduced pumping power and wall temperature in microchannel heat sinks with fractal-like branching channel networks},\r\n  author={Pence, D.},\r\n  journal={Microscale Thermophysical Engineering},\r\n  volume={6},\r\n  number={4},\r\n  pages={319--330},\r\n  year={2003},\r\n  publisher={Taylor \\& Francis}\r\n}\r\n", "authors": []}, "model": "lit.publication", "pk": 12}, {"fields": {"_type": null, "code": null, "tags": [], "title": "  title={The viscosity of carbon dioxide},", "bib": "@article{0019,\r\n  title={The viscosity of carbon dioxide},\r\n  author={Fenghour, A. and Wakeham, W.A. and Vesovic, V.},\r\n  journal={Journal of Physical and Chemical Reference Data},\r\n  volume={27},\r\n  number={1},\r\n  pages={31--44},\r\n  year={1998},\r\n  publisher={[New York, etc.]: American Chemical Society, 1972-}\r\n}\r\n", "authors": []}, "model": "lit.publication", "pk": 13}, {"fields": {"_type": null, "code": null, "tags": [], "title": "  title={Thermal-hydraulic performance of MEMS-based pin fin heat sink},", "bib": "@article{0020,\r\n  title={Thermal-hydraulic performance of MEMS-based pin fin heat sink},\r\n  author={Kosar, A. and Peles, Y.},\r\n  journal={Transactions-American Society of Mechanical Engineers Journal of Heat Transfer},\r\n  volume={128},\r\n  number={2},\r\n  pages={121},\r\n  year={2006},\r\n  publisher={American Society of Mechanical Engineers}\r\n}\r\n", "authors": []}, "model": "lit.publication", "pk": 14}, {"fields": {"_type": null, "code": null, "tags": [], "title": "  title={Void fraction variations in a fractal-like branching microchannel network},", "bib": "@article{0021,\r\n  title={Void fraction variations in a fractal-like branching microchannel network},\r\n  author={Cullion, R. and Pence, D. and Liburdy, J. and Narayanan, V.},\r\n  journal={Heat Transfer Engineering},\r\n  volume={28},\r\n  number={10},\r\n  pages={806--816},\r\n  year={2007},\r\n  publisher={Taylor \\& Francis}\r\n}\r\n", "authors": []}, "model": "lit.publication", "pk": 15}, {"fields": {"_type": null, "code": null, "tags": [], "title": "  title={Experimental and numerical study of pressure drop and heat transfer in a single-phase micro-channel heat sink},", "bib": "@article{0022,\r\n  title={Experimental and numerical study of pressure drop and heat transfer in a single-phase micro-channel heat sink},\r\n  author={Qu, W. and Mudawar, I.},\r\n  journal={International Journal of Heat and Mass Transfer},\r\n  volume={45},\r\n  number={12},\r\n  pages={2549--2565},\r\n  year={2002},\r\n  publisher={Elsevier}\r\n}\r\n", "authors": []}, "model": "lit.publication", "pk": 16}, {"fields": {"_type": null, "code": null, "tags": [], "title": "  title={Experimental and computational investigation of flow development and pressure drop in a rectangular micro-channel},", "bib": "@article{0023,\r\n  title={Experimental and computational investigation of flow development and pressure drop in a rectangular micro-channel},\r\n  author={Lee, S.Y. and Wereley, S.T.},\r\n  journal={Journal of Electronic packaging},\r\n  volume={128},\r\n  pages={1},\r\n  year={2006}\r\n}\r\n", "authors": []}, "model": "lit.publication", "pk": 17}, {"fields": {"_type": null, "code": null, "tags": [], "title": "  title={A new equation of state for carbon dioxide covering the fluid region from the triple-point temperature to 1100 K at pressures up to 800 MPa},", "bib": "@article{0024,\r\n  title={A new equation of state for carbon dioxide covering the fluid region from the triple-point temperature to 1100 K at pressures up to 800 MPa},\r\n  author={Span, R. and Wagner, W.},\r\n  journal={Journal of physical and chemical reference data},\r\n  volume={25},\r\n  number={6},\r\n  year={1996}\r\n}\r\n", "authors": []}, "model": "lit.publication", "pk": 18}, {"fields": {"_type": null, "code": null, "tags": [], "title": "  title={Correlation of critical heat flux in hybrid jet impingement/micro-channel cooling scheme},", "bib": "@article{0025,\r\n  title={Correlation of critical heat flux in hybrid jet impingement/micro-channel cooling scheme},\r\n  author={Sung, M.K. and Mudawar, I.},\r\n  journal={International journal of heat and mass transfer},\r\n  volume={49},\r\n  number={15},\r\n  pages={2663--2672},\r\n  year={2006},\r\n  publisher={Elsevier}\r\n}\r\n", "authors": []}, "model": "lit.publication", "pk": 19}, {"fields": {"_type": null, "code": null, "tags": [], "title": "  title={High-performance heat sinking for VLSI},", "bib": "@article{0026,\r\n  title={High-performance heat sinking for VLSI},\r\n  author={Tuckerman, D.B. and Pease, RFW},\r\n  journal={Electron Device Letters, IEEE},\r\n  volume={2},\r\n  number={5},\r\n  pages={126--129},\r\n  year={1981},\r\n  publisher={IEEE}\r\n}\r\n", "authors": []}, "model": "lit.publication", "pk": 20}, {"fields": {"_type": null, "code": null, "tags": [], "title": "  title={The transport properties of carbon dioxide},", "bib": "@article{0027,\r\n  title={The transport properties of carbon dioxide},\r\n  author={Vesovic, V. and Wakeham, WA and Olchowy, GA and Sengers, JV and Watson, JTR and Millat, J.},\r\n  journal={Journal of Physical and Chemical Reference Data},\r\n  volume={19},\r\n  number={3},\r\n  pages={763--808},\r\n  year={1990},\r\n  publisher={American Institute of Physics}\r\n}\r\n", "authors": []}, "model": "lit.publication", "pk": 21}, {"fields": {"_type": null, "code": null, "tags": [], "title": "  title={Parametric study of unsteady flow and heat transfer in a pin-fin heat exchanger},", "bib": "@article{0028,\r\n  title={Parametric study of unsteady flow and heat transfer in a pin-fin heat exchanger},\r\n  author={Saha, AK and Acharya, S.},\r\n  journal={International journal of heat and mass transfer},\r\n  volume={46},\r\n  number={20},\r\n  pages={3815--3830},\r\n  year={2003},\r\n  publisher={Elsevier}\r\n}\r\n", "authors": []}, "model": "lit.publication", "pk": 22}, {"fields": {"_type": null, "code": null, "tags": [], "title": "  title={Optimum design parameters of Pin-Fin heat sink using the grey-fuzzy logic based on the orthogonal arrays},", "bib": "@article{0029,\r\n  title={Optimum design parameters of Pin-Fin heat sink using the grey-fuzzy logic based on the orthogonal arrays},\r\n  author={Chiang, K.T. and Chang, F.P. and Tsai, T.C.},\r\n  journal={International communications in heat and mass transfer},\r\n  volume={33},\r\n  number={6},\r\n  pages={744--752},\r\n  year={2006},\r\n  publisher={Elsevier}\r\n}\r\n", "authors": []}, "model": "lit.publication", "pk": 23}, {"fields": {"_type": null, "code": null, "tags": [], "title": "  title={Performance comparison of pin fin in-duct flow arrays with various pin cross-sections},", "bib": "@article{0030,\r\n  title={Performance comparison of pin fin in-duct flow arrays with various pin cross-sections},\r\n  author={Sahiti, N. and Lemouedda, A. and Stojkovic, D. and Durst, F. and Franz, E.},\r\n  journal={Applied Thermal Engineering},\r\n  volume={26},\r\n  number={11},\r\n  pages={1176--1192},\r\n  year={2006},\r\n  publisher={Elsevier}\r\n}\r\n", "authors": []}, "model": "lit.publication", "pk": 24}, {"fields": {"_type": null, "code": null, "tags": [], "title": "  title={Numerical simulation of the flow around an infinitely long circular cylinder in the transition regime},", "bib": "@article{0031,\r\n  title={Numerical simulation of the flow around an infinitely long circular cylinder in the transition regime},\r\n  author={Posdziech, O. and Grundmann, R.},\r\n  journal={Theoretical and computational fluid dynamics},\r\n  volume={15},\r\n  number={2},\r\n  pages={121--141},\r\n  year={2001},\r\n  publisher={Springer}\r\n}\r\n", "authors": []}, "model": "lit.publication", "pk": 25}, {"fields": {"_type": null, "code": null, "tags": [], "title": "  title={Thermal Design Methodology for Low Flow Rate Single-Phase and Two-Phase Micro-Channel Heat Sinks},", "bib": "@article{0032,\r\n  title={Thermal Design Methodology for Low Flow Rate Single-Phase and Two-Phase Micro-Channel Heat Sinks},\r\n  author={Lee, S.W.C.H. and Qu, W.},\r\n  journal={IEEE Transactions on Components and Packaging Technologies},\r\n  volume={30},\r\n  number={4},\r\n  year={2007}\r\n}\r\n", "authors": []}, "model": "lit.publication", "pk": 26}, {"fields": {"_type": null, "code": null, "tags": [], "title": "  title={Liquid Single-Phase Flow in an Array of Micro-Pin-Fins-Part I. Heat Transfer Characteristics},", "bib": "@article{0033,\r\n  title={Liquid Single-Phase Flow in an Array of Micro-Pin-Fins-Part I. Heat Transfer Characteristics},\r\n  author={Qu, W. and Siu-Ho, A.},\r\n  journal={Journal of heat transfer},\r\n  volume={130},\r\n  number={12},\r\n  year={2008},\r\n  publisher={ASME}\r\n}\r\n", "authors": []}, "model": "lit.publication", "pk": 27}, {"fields": {"_type": null, "code": null, "tags": [], "title": "  title={Liquid Single-Phase Flow in an Array of Micro-Pin-Fins-Part II. Pressure Drop Characteristics},", "bib": "@article{0034,\r\n  title={Liquid Single-Phase Flow in an Array of Micro-Pin-Fins-Part II. Pressure Drop Characteristics},\r\n  author={Qu, W. and Siu-Ho, A.},\r\n  journal={Journal of heat transfer},\r\n  volume={130},\r\n  number={12},\r\n  year={2008},\r\n  publisher={American Society of Mechanical Engineers}\r\n}\r\n", "authors": []}, "model": "lit.publication", "pk": 28}, {"fields": {"_type": null, "code": "0036", "tags": [], "title": "The Supercritical Thermodynamic Power Cycle", "bib": "@inproceedings{\r\n  0036,\r\n  title={The Supercritical Thermodynamic Power Cycle},\r\n  author={Feher, E.G.},\r\n  booktitle={Advances in energy conversion engineering},\r\n  pages={37--44},\r\n  year={1967},\r\n  organization={ASME}\r\n}", "authors": []}, "model": "lit.publication", "pk": 29}, {"fields": {"_type": null, "code": "romero2002update", "tags": [], "title": "An update on solar central receiver systems, projects, and technologies", "bib": "@article{\r\n  romero2002update,\r\n  title={An update on solar central receiver systems, projects, and technologies},\r\n  author={Romero, M. and Buck, R. and Pacheco, J.E.},\r\n  journal={Journal of Solar Energy Engineering},\r\n  volume={124},\r\n  pages={98},\r\n  year={2002},\r\n  organization={ASME}\r\n}", "authors": []}, "model": "lit.publication", "pk": 30}, {"fields": {"_type": null, "code": "0038", "tags": [], "title": "Fluid Mechanics", "bib": "@book{\r\n  0038,\r\n  author=\"Frank M. White\",\r\n  title=\"Fluid {M}echanics\",\r\n  edition=\"seventh\",\r\n  publisher=\"McGraw-Hill\",\r\n  address=\"New York, NY\",\r\n  year=2011\r\n  }\r\n", "authors": []}, "model": "lit.publication", "pk": 31}, {"fields": {"_type": null, "code": "incropera2011fundamentals", "tags": [], "title": "Fundaments of {H}eat and {M}ass {T}ransfer", "bib": "@book{\r\n  incropera2011fundamentals,\r\n  author=\"Incropera, Frank P. and DeWitt, David P. and Bergman,Theodore L. and Lavine, Adrienne S.\",\r\n  title=\"Fundaments of {H}eat and {M}ass {T}ransfer\",\r\n  edition=\"sixth\",\r\n  publisher=\"John Wiley \\& Sons\",\r\n  address=\"Hoboken, NJ\",\r\n  year=\"2007\"\r\n}\r\n", "authors": []}, "model": "lit.publication", "pk": 32}, {"fields": {"_type": null, "code": null, "tags": [], "title": "Laminar {F}low {F}orced {C}onvection in {D}ucts", "bib": "@book{\r\n  0040,\r\n  author=\"Shah, R. K. and London, A. L.\",\r\n  title=\"Laminar {F}low {F}orced {C}onvection in {D}ucts\",\r\n  publisher=\"Academic Press\",\r\n  address=\"New York, NY\",\r\n  year=1978\r\n}\r\n", "authors": []}, "model": "lit.publication", "pk": 33}, {"fields": {"_type": null, "code": "kolb2011evaluation", "tags": [3], "title": "An Evaluation of Possible Next-Generation High-Temperature Molten-Salt Power Towers", "bib": "@article{\r\n  kolb2011evaluation,\r\n  title={An Evaluation of Possible Next-Generation High-Temperature Molten-Salt Power Towers},\r\n  author={Kolb, Gregory J},\r\n  journal={Albuquerque, NM: Sandia National Laboratories},\r\n  year={2011}\r\n}\r\n", "authors": []}, "model": "lit.publication", "pk": 34}, {"fields": {"_type": 3, "code": "0050", "tags": [], "title": "Supercritical CO2 Brayton Cycle: The DOE Program", "bib": "@misc{0050,\r\n  title=\"{Supercritical CO2 Brayton Cycle: The DOE Program}\",\r\n  author=\"Rochau, Gary E.\",\r\n  year=\"2011\",\r\n  month=\"May\",\r\n  url=\"\\url{http://www.sco2powercyclesymposium.org/resource_center/development_priorities/supercritical-co2-brayton-cycle-the-doe-program}\"\r\n}\r\n", "authors": []}, "model": "lit.publication", "pk": 35}, {"fields": {"_type": 4, "code": "rymal2013numerical", "tags": [], "title": "Numerical Design of a High-Flux Microchannel Solar Receiver", "bib": "@inproceedings{rymal2013numerical,\r\n title={Numerical Design of a High-Flux Microchannel Solar Receiver},\r\n author={Rymal, Charles J and Apte, Sourabh V and Narayanan, Vinod and Drost, Kevin},\r\n booktitle={ASME 2013 7th International Conference on Energy Sustainability collocated with the ASME 2013 Heat Transfer Summer Conference and the ASME 2013 11th International Conference on Fuel Cell Science, Engineering and Technology},\r\n pages={V001T11A012--V001T11A012},\r\n year={2013},\r\n organization={American Society of Mechanical Engineers}\r\n}\r\n", "authors": []}, "model": "lit.publication", "pk": 36}, {"fields": {"_type": null, "code": "0055", "tags": [4], "title": "Dynalene MS-1", "bib": "@misc{\r\n0055,\r\nauthor=\"Dynalene\",\r\ntitle=\"Dynalene MS-1\",\r\nhowpublished=\"On the WWW\",\r\nyear=\"2014\",\r\nnote=\"URL \\url{http://www.dynalene.com/v/vspfiles/templates/210/datasheets/Dynalene_MS-1_Technical_DataSheet.pdf}\"\r\n}", "authors": []}, "model": "lit.publication", "pk": 37}, {"fields": {"_type": 4, "code": "rymal2014numerical", "tags": [], "title": "Numerical Design of a Planar High-Flux Microchannel Solar Receiver", "bib": "@inproceedings{rymal2014numerical,\r\n title={Numerical Design of a Planar High-Flux Microchannel Solar Receiver},\r\n author={Rymal, Charles J and Apte, Sourabh V and Narayanan, Vinod and Drost, Kevin},\r\n booktitle={ASME 2014 8th International Conference on Energy Sustainability collocated with the ASME 2014 Heat Transfer Summer Conference and the ASME 2014 11th International Conference on Fuel Cell Science, Engineering and Technology},\r\n year={2014},\r\n organization={American Society of Mechanical Engineers}\r\n}\r\n", "authors": []}, "model": "lit.publication", "pk": 38}, {"fields": {"_type": 3, "code": "Haynes230", "tags": [], "title": "Haynes 230 Alloy", "bib": "@misc{Haynes230,\r\n author = \"Haynes\",\r\n title = \"Haynes 230 Alloy\",\r\n howpublished = \"On the WWW\",\r\n year = \"2014\",\r\n note = \"URL \\url{http://www.haynesintl.com/pdf/h3000.pdf}\"\r\n}\r\n", "authors": []}, "model": "lit.publication", "pk": 39}, {"fields": {"_type": 3, "code": "Tempil2013", "tags": [], "title": "Pyromark", "bib": "@misc{Tempil2013,\r\n author = \"Tempil\",\r\n title = \"Pyromark\",\r\n howpublished = \"On the WWW\",\r\n year = \"2013\",\r\n note = \"URL \\url{http://www.tempil.com/products/pyromark}\"\r\n}\r\n", "authors": []}, "model": "lit.publication", "pk": 40}, {"fields": {"_type": 1, "code": "siegel2010development", "tags": [3], "title": "Development and evaluation of a prototype solid particle receiver: on-sun testing and model validation", "bib": "@article{siegel2010development,\r\n title  ={Development and evaluation of a prototype solid particle receiver: on-sun testing and model validation},\r\n author  ={Siegel, Nathan P and Ho, Clifford K and Khalsa, Siri S and Kolb, Gregory J},\r\n journal ={Journal of Solar Energy Engineering},\r\n volume  ={132},\r\n number  ={2},\r\n pages  ={021008},\r\n year  ={2010},\r\n publisher ={American Society of Mechanical Engineers}\r\n}\r\n", "authors": []}, "model": "lit.publication", "pk": 41}, {"fields": {"_type": 1, "code": "avila2011volumetric", "tags": [3], "title": "Volumetric receivers in solar thermal power plants with central receiver system technology: a review", "bib": "@article{avila2011volumetric,\r\n title  ={Volumetric receivers in solar thermal power plants with central receiver system technology: a review},\r\n author  ={{\\'A}vila-Mar{\\'\\i}n, Antonio L},\r\n journal ={Solar Energy},\r\n volume  ={85},\r\n number  ={5},\r\n pages  ={891--910},\r\n year  ={2011},\r\n publisher ={Elsevier}\r\n}", "authors": []}, "model": "lit.publication", "pk": 42}, {"fields": {"_type": 2, "code": "bedford2000mechanics", "tags": [], "title": "Mechanics of Materials", "bib": "@book{bedford2000mechanics,\r\n  author=\"Bedford, Anthony and Liechti, Kenneth M.\",\r\n  title=\"Mechanics of {M}aterials\",\r\n  publisher=\"Prentice Hall\",\r\n  address=\"Upper Saddle River, NJ\",\r\n  year=2000\r\n}", "authors": []}, "model": "lit.publication", "pk": 43}, {"fields": {"_type": 3, "code": "USDOE2012HighFlux", "tags": [], "title": "High-Flux Microchannel Solar Receiver", "bib": "@misc{USDOE2012HighFlux,\r\n author    = \"{U.S. Department of Energy}\",\r\n title     = \"{High-Flux Microchannel Solar Receiver}\",\r\n year      = \"2012\",\r\n month    = \"September\",\r\n note     = \"See also URL \\verb+http://www1.eere.energy.gov/solar+ \\verb+/sunshot/csp_sunshotrnd_oregon.html+\"\r\n}", "authors": []}, "model": "lit.publication", "pk": 44}, {"fields": {"_type": 3, "code": "Haynes214", "tags": [], "title": "Haynes 214 Alloy", "bib": "@misc{Haynes214,\r\n author = \"Haynes\",\r\n title = \"Haynes 214 Alloy\",\r\n howpublished = \"On the WWW\",\r\n year = \"2014\",\r\n note = \"URL \\url{http://www.haynesintl.com/pdf/h3008.pdf}\"\r\n}", "authors": []}, "model": "lit.publication", "pk": 46}, {"fields": {"_type": 1, "code": "handbook1956allegheny", "tags": [2], "title": "Handbook, Stainless Steel", "bib": "@article{handbook1956allegheny,\r\n  author={Allegheny Ludlum Steel Corporation},\r\n  title={Handbook, Stainless Steel},\r\n  journal={Pittsburgh, Pa},\r\n  year={1956}\r\n}", "authors": []}, "model": "lit.publication", "pk": 47}, {"fields": {"_type": 2, "code": "versteeg2007introduction", "tags": [], "title": "Computational Fluid Dynamics", "bib": "@book{versteeg2007introduction,\r\n  title={An introduction to computational fluid dynamics: the finite volume method},\r\n  author={Versteeg, Henk Kaarle and Malalasekera, Weeratunge},\r\n  year={2007},\r\n  publisher={Pearson Education}\r\n}", "authors": []}, "model": "lit.publication", "pk": 48}, {"fields": {"_type": 3, "code": "DOEIllustration", "tags": [3], "title": "Solar Multimedia", "bib": "@misc{DOEIllustration,\r\n    title = {Solar Multimedia},\r\n    howpublished = {\\url{https://www.eeremultimedia.energy.gov/solar/graphics/concentrating_solar_power_tower_plant_illustration}},\r\n    note = {Accessed: 2014-12-16}\r\n}", "authors": []}, "model": "lit.publication", "pk": 49}]